"rank","restaurant_name","emailaddress","zipcode","website","cuisine1","cuisine2","cuisine3","cuisine","phone_number","address","yellowpages_rating","yellowpages_review_count","tripadvisor_rating","tripadvisor_review_count"
"91. ","Senior Independence","","43920","","Hospices","Home Health Services","Nurses","Hospices,Home Health Services,Nurses","(330) 368-0194","16813 Saint Clair Ave Ste 401,East Liverpool,OH","","","",""
"92. ","Embassy Healthcare","","44146","http://www.embassyhealthcare.net","Hospices","Assisted Living & Elder Care Services","Nursing & Convalescent Homes","Hospices,Assisted Living & Elder Care Services,Nursing & Convalescent Homes","(440) 439-7976","24613 Broadway Ave,Bedford,OH","","","",""
"93. ","Visiting Nurse Association (VNA)","","44601","http://www.achosp.org/services-treatments/alliance-visiting-nurse-association","Hospices","Home Health Services","Nurses","Hospices,Home Health Services,Nurses","(330) 596-6400","885 S Sawburg Ave,Alliance,OH","","","",""
"94. ","Hospice Of Carroll County","","44615","http://hospicepiedmont.org","Hospices","Home Health Services","","Hospices,Home Health Services","(330) 627-4796","1040 Trump Rd NW Ste B,Carrollton,OH","","","",""
"95. ","Rural Health Clinic - Jackson","","45640","http://holzer.org","Hospices","","","Hospices","(740) 395-8393","500 Burlington Rd,Jackson,OH","","","",""
"96. ","Hospice Of Ashtabula County","","44004","http://www.hospicewr.org","Hospices","Home Health Services","","Hospices,Home Health Services","(440) 997-6619","1166 Lake Ave,Ashtabula,OH","","","",""
"97. ","Hospice of the Western Reserve","","44035","https://www.hospicewr.org","Hospices","","","Hospices","(440) 284-0299",",Elyria,OH","","","",""
"98. ","Appalachian Community Visiting Nurse Assoc Hospice","","45701","","Hospices","Home Health Services","Nurses","Hospices,Home Health Services,Nurses","(740) 594-8226","280 E State St,Athens,OH","","","",""
"99. ","Hospice of the Valley","","44408","http://hospiceofthevalley.com","Hospices","Home Health Services","Nurses","Hospices,Home Health Services,Nurses,Social Service Organizations","(330) 482-2014","1120 Village Plz,Columbiana,OH","","","",""
"100. ","Heartland Home Care","","44805","http://www.heartlandhospice.com","Hospices","Eldercare-Home Health Services","Home Health Services","Hospices,Eldercare-Home Health Services,Home Health Services,Nurses,Nursing Homes-Skilled Nursing Facility","(419) 289-1920","1763 State Route 60,Ashland,OH","","","",""
"101. ","Hospice of the Western Reserve","","44055","http://www.hospicewr.org","Hospices","Home Health Services","","Hospices,Home Health Services","(440) 787-2080","2173 N Ridge Rd E Ste H,Lorain,OH","","","",""
"102. ","Hmc Barberton Hospice & Palliative Care","","44203","http://www.hospiceofmedina.org/hmc-barberton-hospice-and-palliative-care","Hospices","","","Hospices","(330) 861-0400","527 W Tuscarawas Ave,Barberton,OH","","","",""
"103. ","Compassionate Care Hospice, an Amedisys Company","","44333","https://www.amedisys.com/locations/hospice-care-akron-oh","Hospices","Physicians & Surgeons","","Hospices,Physicians & Surgeons","(330) 666-5242","300 N Cleveland Massillon Rd,Akron,OH","","","",""
"104. ","Palliative Therapeutics","","43952","","Hospices","","","Hospices","(740) 264-7968","200 Stanton Blvd,Steubenville,OH","","","",""
"105. ","Heartland Home Care","","44805","http://www.heartlandhospice.com","Hospices","Eldercare-Home Health Services","Home Health Services","Hospices,Eldercare-Home Health Services,Home Health Services,Nurses,Nursing Homes-Skilled Nursing Facility","(419) 289-1920","110 Cottage St Ste 8,Ashland,OH","","","",""
"106. ","Vitas","","44122","http://vitas.com","Hospices","","","Hospices","(216) 378-7656","2000 Auburn Dr,Beachwood,OH","","","",""
"107. ","Southwest General Health Center","","44130","http://swgeneral.com","Hospices","","","Hospices","(440) 816-5000","Hospice Services,Cleveland,OH","","","",""
"108. ","Valley Hospice Inc","","43952","http://www.valleyhospice.org","Hospices","Home Health Services","","Hospices,Home Health Services","(877) 467-7423","4000 Johnson Rd,Steubenville,OH","","","",""
"109. ","Continuum Care Hospice","","44130","","Hospices","","","Hospices","(216) 898-8444","12380 Plaza Dr,Cleveland,OH","","","",""
"110. ","All Caring Hospice","","44406","http://www.allcaringhospice.com","Hospices","Home Health Services","","Hospices,Home Health Services","(330) 286-3435","6715 Tippecanoe Rd Ste B101,Canfield,OH","","","",""
"111. ","Stein Hospice","","44053","https://www.steinhospice.org","Hospices","","","Hospices","(440) 282-3939","4000 Oberlin Ave Ste 4,Lorain,OH","","","",""
"112. ","Hospice Of The Western Reserve","","44128","http://www.hospicewr.org","Hospices","Home Health Services","","Hospices,Home Health Services","(216) 283-3140","4670 Richmond Rd suite 200,Cleveland,OH","","","",""
"113. ","Hospice of Central Ohio","","43130","","Hospices","Home Health Services","","Hospices,Home Health Services","(740) 681-1000","1585 E Main St.,Lancaster,OH","","","",""
"114. ","Jag Healthcare","","44116","http://www.jaghealthcare.com","Hospices","Assisted Living & Elder Care Services","Health & Welfare Clinics","Hospices,Assisted Living & Elder Care Services,Health & Welfare Clinics,Nursing & Convalescent Homes","(440) 356-0718","2226 Wooster Rd,Rocky River,OH","","","",""
"115. ","Protem Homecare","","44122","http://www.protemhealth.com","Hospices","Nurses","","Hospices,Nurses","(216) 663-8188","3530 Warrensville Center Rd,Beachwood,OH","","","",""
"116. ","Crossroads Hospice","","44236","http://www.crossroadshospice.com","Hospices","Home Health Services","","Hospices,Home Health Services","(330) 342-3328","1742 Georgetown Rd,Hudson,OH","","","",""
"117. ","Viaquest Home Health","","44125","http://www.viaquestinc.com","Hospices","","","Hospices","(216) 446-2650","5533 Canal Rd,Cleveland,OH","","","",""
"118. ","Support Care","","44125","http://supportcareinc.com","Hospices","Home Health Services","","Hospices,Home Health Services","(216) 446-2650","5533 Canal Rd,Cleveland,OH","","","",""
"119. ","Pro-Care Rx","","43952","","Hospices","","","Hospices","(740) 264-7968","200 Stanton Blvd,Steubenville,OH","","","",""
"120. ","Hospice of Guernsey, Inc","","43725","http://www.hospiceofguernsey.com","Hospices","","","Hospices","(740) 432-7440","9711 E Pike Rd,Cambridge,OH","","","",""
"31. ","Interim Healthcare SE Ohio Inc","","45750","http://interimhealthcare.com","Eldercare-Home Health Services","Assisted Living & Elder Care Services","Home Health Services","Eldercare-Home Health Services,Assisted Living & Elder Care Services,Home Health Services,Hospices,Independent Living Services For The Disabled","(740) 373-3800","1017 Pike St,Marietta,OH","1","1","",""
"32. ","Interim Healthcare","","44240","http://interimhealthcare.com","Eldercare-Home Health Services","Assisted Living & Elder Care Services","Home Health Services","Eldercare-Home Health Services,Assisted Living & Elder Care Services,Home Health Services,Hospices,Independent Living Services For The Disabled","(330) 677-8010","184 Currie Hall Pkwy Ste 1,Kent,OH","1","1","",""
"33. ","Absolute Home Health Care","","44109","http://absolutehomehealthcare.net","Home Health Services","Hospices","","Home Health Services,Hospices","(216) 281-2222","2801 Clark Ave,Cleveland,OH","1","1","",""
"34. ","Grand Lake Hospice","","45885","https://www.grandlakehealth.org","Hospices","Medical Clinics","Nurses","Hospices,Medical Clinics,Nurses,Nurses-Home Services","(419) 394-7434","1122 E Spring St,Saint Marys,OH","1","1","",""
"35. ","Crossroads Hospice","","45458","http://www.crossroadshospice.com","Hospices","","","Hospices","(937) 312-3170","8069 Washington Village Dr,Dayton,OH","1","1","",""
"36. ","Liberty Nursing Ctr Of Oxford","","45056","","Hospices","","","Hospices","(513) 523-6353","6099 Fairfield Rd,Oxford,OH","1","1","",""
"37. ","Definitive Homecare Solutions","","43081","http://cprplus.com","Hospices","Home Health Services","","Hospices,Home Health Services","(614) 543-8800","707 Park Meadow Rd,Westerville,OH","1","1","",""
"38. ","Southern Care Hospice Services","","43617","http://www.southerncarehospice.com","Hospices","Home Health Services","","Hospices,Home Health Services","(419) 843-6106","6545 W Central Ave Ste 103,Toledo,OH","1","1","",""
"39. ","Childrens Medical Ctr","","45404","http://www.childrensdayton.org","Home Health Services","Hospices","Nurses","Home Health Services,Hospices,Nurses","(937) 641-4663","18 Childrens Plz,Dayton,OH","1","1","",""
"40. ","EnnisCourt","","44107","http://www.enniscourt.com","Hospices","Alzheimer's Care & Services","Assisted Living & Elder Care Services","Hospices,Alzheimer's Care & Services,Assisted Living & Elder Care Services,Assisted Living Facilities,Elderly Homes,Nursing & Convalescent Homes,Nursing Homes-Skilled Nursing Facility,Rehabilitation Services,Retirement Communities","(216) 298-1188","13315 Detroit Ave,Lakewood,OH","","","",""
"41. ","Holy Family Home Health Care & Hospice","","44134","http://www.holyfamilyhome.com","Hospices","Assisted Living & Elder Care Services","Assisted Living Facilities","Hospices,Assisted Living & Elder Care Services,Assisted Living Facilities,Eldercare-Home Health Services,Home Health Services,Nursing & Convalescent Homes,Nursing Homes-Skilled Nursing Facility,Pain Management","(440) 499-6857","6707 State Rd,Cleveland,OH","","","",""
"42. ","Hospice of Northwest Ohio","","43551","http://www.hospicenwo.org","Hospices","Social Service Organizations","","Hospices,Social Service Organizations","(844) 772-8267","30000 E River Rd,Perrysburg,OH","","","",""
"43. ","St  Augustine Health Campus","","44102","http://www.staugministries.org","Hospices","Assisted Living & Elder Care Services","Child Care","Hospices,Assisted Living & Elder Care Services,Child Care,Community Organizations,Day Care Centers & Nurseries,Hospitalization,Medical & Surgical Plans,Hospitals,Nursing & Convalescent Homes,Nursing Homes-Skilled Nursing Facility,Rehabilitation Services,Residential Care Facilities","(440) 306-6412","7801 Detroit Ave,Cleveland,OH","","","",""
"44. ","Hospice Of Huntington","","44102","http://hospiceofhuntington.org","Hospices","Home Health Services","","Hospices,Home Health Services","(681) 378-2032",",,OH","","","",""
"45. ","Community Hospice","","45638","http://www.chospice.org","Hospices","Home Health Services","","Hospices,Home Health Services","(740) 532-8841","2025 S 3rd St,Ironton,OH","","","",""
"46. ","Home Care Advantage","","44460","","Hospices","Assisted Living & Elder Care Services","Eldercare-Home Health Services","Hospices,Assisted Living & Elder Care Services,Eldercare-Home Health Services,Home Health Services,Nurses,Nurses-Home Services,Nursing & Convalescent Homes,Personal Care Homes","(330) 337-4663","718 E 3rd St,Salem,OH","","","",""
"47. ","Hospice of the Miami Valley","","45385","http://www.hospiceofthemiamivalley.org","Hospices","Home Health Services","Nursing & Convalescent Homes","Hospices,Home Health Services,Nursing & Convalescent Homes","(937) 458-6028","46 N Detroit St,Xenia,OH","","","",""
"48. ","Ashanti Hospice and Palliative Care","","43606","http://www.sunset-communities.org","Hospices","","","Hospices","(419) 724-1047","4020 Indian Rd,Toledo,OH","","","",""
"49. ","Harbor Light Hospice","","44143","https://www.harborlighthospice.com","Hospices","Home Health Services","","Hospices,Home Health Services","(440) 386-2500",",Cleveland,OH","","","",""
"50. ","Hospice Of Wadsworth-Rittman","","44281","http://www.wchospice.org","Hospices","Home Health Services","","Hospices,Home Health Services","(330) 336-6595","185 Main St,Wadsworth,OH","","","",""
"51. ","Barberton Hospice & Palliative Care","","44203","http://barbertonhospice.org","Hospices","","","Hospices","(330) 861-0400","103 5th St SE,Barberton,OH","","","",""
"52. ","Hospice Palliative Care","","44646","http://www.vnsa.com","Hospices","","","Hospices","(330) 834-3484","845 8th St NE # 1,Massillon,OH","","","",""
"53. ","Lifeline","","43812","http://www.ccmh.com","Hospices","Home Health Services","","Hospices,Home Health Services","(740) 623-8416","448 Main St Ste 201,Coshocton,OH","","","",""
"54. ","Evercare Hospice","","43812","http://evercarehospice.com","Hospices","Home Health Services","Pain Management","Hospices,Home Health Services,Pain Management","(513) 682-4040",",,OH","","","",""
"55. ","Hospice Of North Central Ohio Inc","","44907","http://www.myhnco.org","Hospices","","","Hospices","(419) 281-7107","371 Cline Ave,Mansfield,OH","","","",""
"56. ","Stein Hospice Service Inc","","44857","https://www.steinhospice.org","Hospices","Social Service Organizations","","Hospices,Social Service Organizations","(419) 663-3222","257 Benedict Ave Ste B,Norwalk,OH","","","",""
"57. ","In House Hospice Solutions","","44056","","Hospices","Health & Welfare Clinics","","Hospices,Health & Welfare Clinics","(330) 908-1960","8536 Crow Dr,Macedonia,OH","","","",""
"58. ","Provider Services","","43232","http://yorkland-park.net","Hospices","Health & Welfare Clinics","Nursing & Convalescent Homes","Hospices,Health & Welfare Clinics,Nursing & Convalescent Homes","(614) 861-6666","1425 Yorkland Rd,Columbus,OH","","","",""
"59. ","Hospice Of The Valley-Warren Hospice","","44484","http://hov.org","Hospices","Nurses","","Hospices,Nurses","(330) 399-1992","5000 E Market St Ste 19,Warren,OH","","","",""
"60. ","Odyssey Hospice","","43230","","Hospices","","","Hospices","(614) 414-0500","540 Officenter Pl,Columbus,OH","","","",""
"1. ","Grace Hospice Ohio","","44130","http://www.ghospice.com","Hospices","Physicians & Surgeons","","Hospices,Physicians & Surgeons","(440) 826-0350","16600 W Sprague Rd Ste 35,Cleveland,OH","5","1","",""
"2. ","Stein Hospice Service, Inc.","","44870","https://www.steinhospice.org","Hospices","Home Health Services","Nursing & Convalescent Homes","Hospices,Home Health Services,Nursing & Convalescent Homes,Physicians & Surgeons,Social Service Organizations","(419) 625-5269","1200 Sycamore Line,Sandusky,OH","5","1","",""
"3. ","Grace Hospice","","44060","http://ghospice.com","Hospices","","","Hospices","(440) 942-8490","7314 Industrial Park Blvd,Mentor,OH","5","1","",""
"4. ","Ames Family Hospice House","","44145","http://hospicewr.org","Hospices","","","Hospices","(440) 414-7349","30080 Hospice Way,Westlake,OH","5","1","",""
"5. ","Sacred Arms Inc","","44444","http://www.sacredarms.com","Hospices","Eldercare-Home Health Services","Home Health Services","Hospices,Eldercare-Home Health Services,Home Health Services","(330) 482-3100","17 River Rd Suite G,Newton Falls,OH","5","1","",""
"6. ","Great Lakes Caring Home Health & Hospice","","44444","http://www.greatlakescaring.com","Home Health Services","Assisted Living & Elder Care Services","Eldercare-Home Health Services","Home Health Services,Assisted Living & Elder Care Services,Eldercare-Home Health Services,Hospices,Medical Service Organizations,Nurses-Home Services,Nursing & Convalescent Homes","(888) 260-9835",",,OH","","","",""
"7. ","Mercy Home Care","","43604","http://www.mercyhealthsystem.org","Home Health Services","Health & Welfare Clinics","Hospices","Home Health Services,Health & Welfare Clinics,Hospices,Medical Clinics,Nurses,Social Service Organizations","(419) 251-4663",",Toledo,OH","5","1","",""
"8. ","EverHeart Hospice","","45331","https://everhearthospice.org","Hospices","Home Health Services","Nurses","Hospices,Home Health Services,Nurses","(800) 417-7535","1350 N Broadway St,Greenville,OH","5","1","",""
"9. ","Hospice of Butler & Warren Counties","","45005","","Hospices","Home Health Services","Hospitals","Hospices,Home Health Services,Hospitals","(513) 422-0300","5940 Long Meadow Dr,Franklin,OH","5","1","",""
"10. ","Hospice of Dayton Inc","","45420","http://www.hospiceofdayton.org","Hospices","Home Health Services","Nurses","Hospices,Home Health Services,Nurses,Physicians & Surgeons","(937) 256-4490","324 Wilmington Ave,Dayton,OH","5","1","",""
"11. ","Heartland Hospice","","43229","http://www.heartlandhomehealth.com","Hospices","Eldercare-Home Health Services","Home Health Services","Hospices,Eldercare-Home Health Services,Home Health Services,Nurses,Nursing Homes-Skilled Nursing Facility","(877) 840-9856","6500 Busch Blvd Ste 210,Columbus,OH","5","1","",""
"12. ","Caring Senior Service","","45429","http://dayton.caringseniorservice.com","Home Health Services","Assisted Living & Elder Care Services","Eldercare-Home Health Services","Home Health Services,Assisted Living & Elder Care Services,Eldercare-Home Health Services,Home Health Care Equipment & Supplies,Hospices,Nurses-Home Services,Residential Care Facilities,Senior Citizens Services & Organizations,Social Service Organizations","(937) 886-4284","3809 Wilmington Pike,Dayton,OH","5","1","",""
"13. ","Amenity Home Health Care","","45231","","Home Health Services","Hospices","","Home Health Services,Hospices","(513) 931-3689","1172 W Galbraith Rd Ste 205b,Cincinnati,OH","5","1","",""
"14. ","Park Creek Center - Parma Heights","","44130","https://api.superpages.com/xml/search?SRC=ypintfeed&subaffiliate=DXC&PGID=e02.7182.8182845904523&SPGID=1634264420764.db19cdfc&ADID=12248813&DEST=https%3A%2F%2Fparkcreekretirement1.mydex.com%2FlWSahF6AnKc&C=hospice%20companies&T=Cleveland&S=OH&PH=(440)%20481-1114&FL=url&TL=off&position=13&PS=30&PI=1&Results=FEED_CLCK&uid=db19cdfc-6142-42a8-aa01-5195ebd7ede3&REF=&IP=73.231.82.12&UserAgent=Mozilla%2F5.0%20(Windows%20NT%205.1%3B%20Win64%3B%20x64)%20AppleWebKit%2F537.36%20(KHTML%2C%20like%20Gecko)%20Chrome%2F60.0.3112.90%20Safari%2F537.36","Hospices","Adult Day Care Centers","Assisted Living & Elder Care Services","Hospices,Adult Day Care Centers,Assisted Living & Elder Care Services,Assisted Living Facilities,Homes-Institutional & Aged,Nursing & Convalescent Homes,Nursing Homes-Skilled Nursing Facility,Residential Care Facilities,Retirement Communities","(440) 481-1114","10064 N Church Dr,Cleveland,OH","4.5","3","",""
"15. ","Schoenbrunn Healthcare","","44663","http://www.schoenbrunnhealthcare.com","Hospices","Nursing & Convalescent Homes","Nursing Homes-Skilled Nursing Facility","Hospices,Nursing & Convalescent Homes,Nursing Homes-Skilled Nursing Facility,Personal Care Homes,Rehabilitation Services","(330) 339-3595","2594 E High Ave,New Philadelphia,OH","4","1","",""
"16. ","Matthew's Nursing Service","","44320","","Nurses","Assisted Living & Elder Care Services","Eldercare-Home Health Services","Nurses,Assisted Living & Elder Care Services,Eldercare-Home Health Services,Home Health Services,Hospices,Medical Assistants & Technicians,Nurses Registries,Nurses-Home Services","(330) 836-9220","686 Roslyn Ave,Akron,OH","4","1","",""
"17. ","The Gardens at Cuyahoga Falls","","44223","https://inspiritseniorliving.com/gardenscf?utm_source=ExtNet&utm_medium=Yext","Hospices","Assisted Living & Elder Care Services","","Hospices,Assisted Living & Elder Care Services","(330) 928-4500","45 Chart Rd,Cuyahoga Falls,OH","3.5","3","",""
"18. ","Marietta Home Health & Hospice An Amedisys Partner","","45750","https://www.amedisys.com","Home Health Services","Hospices","","Home Health Services,Hospices","(740) 374-9100","450 Pike St,Marietta,OH","3","2","",""
"19. ","Bridge Home Health & Hospice","","45840","https://www.bvhealthsystem.org/find-a-doctor/find-a-doctor?id=1537","Hospices","Home Health Services","Nurses","Hospices,Home Health Services,Nurses","(419) 423-5351","15100 Birchaven Ln,Findlay,OH","3","2","",""
"20. ","Easton Healthcare Agency Inc","","43229","","Home Health Services","Health & Welfare Clinics","Hospices","Home Health Services,Health & Welfare Clinics,Hospices,Medical Clinics,Nurses-Home Services","(614) 891-7100","5900 Sharon Woods Blvd,Columbus,OH","3","2","",""
"21. ","Alternate Solutions Home Care","","45242","http://www.ashomecare.com","Home Health Services","Eldercare-Home Health Services","Hospices","Home Health Services,Eldercare-Home Health Services,Hospices,Medical Assistants & Technicians,Medical Clinics,Nurses,Nurses Registries,Nurses-Home Services,Physical Therapists,Senior Citizens Services & Organizations","(513) 563-4663","4340 Glendale Milford Rd,Blue Ash,OH","3","2","",""
"22. ","ProMedica Flower Hospital","","45242","http://www.promedica.org/flower","Hospices","Hospitals","Physicians & Surgeons","Hospices,Hospitals,Physicians & Surgeons","(419) 291-3000",",,OH","3","7","",""
"23. ","Heartland Home Health Care & Hospice","","45242","http://www.heartlandhospice.com","Hospices","Assisted Living & Elder Care Services","Home Health Services","Hospices,Assisted Living & Elder Care Services,Home Health Services,Nurses-Home Services","(816) 943-1798",",,OH","","","",""
"24. ","Hospice Of The Western Reserve","","44060","http://hospicewr.org","Hospices","","","Hospices","(440) 357-5833","5786 Heisley Rd,Mentor,OH","2","1","",""
"25. ","Interim Health Care","","45701","http://interimhealthcare.com","Eldercare-Home Health Services","Assisted Living & Elder Care Services","Home Health Services","Eldercare-Home Health Services,Assisted Living & Elder Care Services,Home Health Services,Hospices,Independent Living Services For The Disabled","(740) 592-4901","2099 E State St Ste D,Athens,OH","2","1","",""
"26. ","Fidelity Health Care","","45701","http://fidelityhealthcare.com","Home Health Services","Health & Welfare Clinics","Home Health Care Equipment & Supplies","Home Health Services,Health & Welfare Clinics,Home Health Care Equipment & Supplies,Hospices,Medical Assistants & Technicians,Medical Equipment & Supplies,Nurses,Nurses-Home Services,Oxygen","(937) 208-6400",",,OH","1","3","",""
"27. ","Montefiore","","44122","http://www.montefiorecare.org","Hospices","Alzheimer's Care & Services","Assisted Living & Elder Care Services","Hospices,Alzheimer's Care & Services,Assisted Living & Elder Care Services,Assisted Living Facilities,Home Health Services,Nurses,Nursing & Convalescent Homes,Nursing Homes-Skilled Nursing Facility,Physical Therapists,Physicians & Surgeons,Physicians & Surgeons,Internal Medicine,Rehabilitation Services","(216) 360-9080","1 David Myers Pkwy,Beachwood,OH","","","",""
"28. ","Vna Care Plus","","44115","https://www.vnaohio.org","Hospices","Home Health Services","Nurses","Hospices,Home Health Services,Nurses","(216) 931-1500","2500 E 22nd St,Cleveland,OH","1","1","",""
"29. ","Mobile Care Group","","44115","http://www.mobilecaregroup.com","Home Health Services","Home Health Care Equipment & Supplies","Hospices","Home Health Services,Home Health Care Equipment & Supplies,Hospices,Medical Centers,Medical Equipment & Supplies,Oxygen","(419) 882-5000",",,OH","1","1","",""
"30. ","Interim Health Care","","43138","http://interimhealthcare.com","Eldercare-Home Health Services","Assisted Living & Elder Care Services","Home Health Services","Eldercare-Home Health Services,Assisted Living & Elder Care Services,Home Health Services,Hospices,Independent Living Services For The Disabled","(740) 385-3623","12873 Grey St,Logan,OH","1","1","",""
"121. ","Hospice of the Western Reserve","","44333","http://hospicewr.org","Hospices","Home Health Services","","Hospices,Home Health Services","(330) 800-2240","150 Springside Dr Ste 100a,Akron,OH","","","",""
"122. ","Medcentral Health Sys Paincare","","44906","","Hospices","","","Hospices","(419) 526-8443","1020 Cricket Ln,Mansfield,OH","","","",""
"123. ","Hospice of Wilmington","","45177","http://www.hswo.org","Hospices","","","Hospices","(937) 556-5202",",Wilmington,OH","","","",""
"124. ","Medical Service Co","","44720","https://www.medicalserviceco.com","Hospices","","","Hospices","(800) 824-1400","5908 Mayfair Rd,North Canton,OH","","","",""
"125. ","Caring Hospice","","44720","http://www.caringhospice.com","Hospices","","","Hospices","(216) 524-5500",",,OH","","","",""
"126. ","Community Hospice Inc","","44663","http://www.myhospice.org","Hospices","Physicians & Surgeons","","Hospices,Physicians & Surgeons","(330) 339-4914","716 Commercial Ave SW,New Philadelphia,OH","","","",""
"127. ","Hmc Hospice of Medina County","","44256","http://www.hospiceofmedina.org","Hospices","Home Health Services","Physicians & Surgeons","Hospices,Home Health Services,Physicians & Surgeons","(330) 722-4771","5075 Windfall Rd,Medina,OH","","","",""
"128. ","Hospice Of Tuscarawas Ct","","44663","http://communityhospice.com","Hospices","","","Hospices","(330) 343-7605","716 Commercial Ave SW,New Philadelphia,OH","","","",""
"129. ","Aultman Compassionate Care Center","","44708","http://aultman.com","Hospices","","","Hospices","(330) 479-7450","2821 Woodlawn Ave NW,Canton,OH","","","",""
"130. ","Hospice of Hocking County","","43138","https://fairhopehospice.org","Hospices","","","Hospices","(740) 380-1186","12892 Grey St,Logan,OH","","","",""
"131. ","Hospice Of Kimes","","45701","http://www.hospiceofkimes.com","Hospices","","","Hospices","(740) 249-4399","64 Kimes Ln,Athens,OH","","","",""
"132. ","Hospice of Huntington","","45638","http://www.hospiceofhuntington.org","Hospices","Physicians & Surgeons","","Hospices,Physicians & Surgeons","(740) 237-1006","1408 Campbell Dr,Ironton,OH","","","",""
"133. ","Heartland","","45680","http://www.heartlandhospice.com","Hospices","Eldercare-Home Health Services","Home Health Services","Hospices,Eldercare-Home Health Services,Home Health Services,Nurses,Nursing Homes-Skilled Nursing Facility","(740) 894-3287","7743 County Road 1,South Point,OH","","","",""
"134. ","Hospice of The Western Reserve","","44119","http://www.hospicewr.org","Hospices","","","Hospices","(216) 486-6838","19201 Villaview Rd Ste 105,Cleveland,OH","","","",""
"135. ","Hospice & Palliative Care Partners of Ohio","","44115","http://vnaa.org","Hospices","Home Health Services","","Hospices,Home Health Services","(216) 931-1450","2500 E 22nd St,Cleveland,OH","","","",""
"136. ","Jo-Lin Health Center","","45638","","Hospices","Assisted Living & Elder Care Services","Clinics","Hospices,Assisted Living & Elder Care Services,Clinics,Elderly Homes,Health & Welfare Clinics,Nursing & Convalescent Homes,Nursing Homes-Intermediate Care Facility,Nursing Homes-Skilled Nursing Facility,Rehabilitation Services","(740) 532-6096","10th Clinton St,Ironton,OH","","","",""
"137. ","Mercy New Life Hospice","","44053","https://www.mercy.com","Hospices","Home Health Services","","Hospices,Home Health Services","(440) 934-1458","3500 Kolbe Rd,Lorain,OH","","","",""
"138. ","Tina's Home Health Care","","44647","http://helpinghandshealthcare.webstarts.com/?r=20121025175254","Hospices","Baby Sitters","Home Health Services","Hospices,Baby Sitters,Home Health Services","(330) 415-7796",",Massillon,OH","","","",""
"139. ","Grace Hospice","","44685","http://www.ghospice.com","Hospices","","","Hospices","(330) 899-0180","3515 Massillon Rd Ste 280,Uniontown,OH","","","",""
"140. ","Vitas Healthcare","","44333","http://www.vitas.com","Hospices","","","Hospices","(800) 723-3233","600 Granger Rd,Akron,OH","","","",""
"141. ","Crossroads Hospice Of Clvm","","44060","http://www.crossroadshospice.com/locations/default.aspx","Hospices","","","Hospices","(440) 974-3208","8224 Mentor Ave Ste 110,Mentor,OH","","","",""
"142. ","Foundation For Hospice of Central Ohio","","43055","http://www.foundationforhoco.org","Hospices","","","Hospices","(740) 788-1488","2269 Cherry Valley Rd SE,Newark,OH","","","",""
"143. ","Fairhope Hospice & Palliative Care","","43138","http://www.fairhopehospice.org","Hospices","","","Hospices","(740) 380-1186","12892 Grey St,Logan,OH","","","",""
"144. ","Odyssey Healthcare","","43230","http://www.odsyhealth.com","Hospices","","","Hospices","(614) 414-0500","540 Officenter Pl Ste 100,Columbus,OH","","","",""
"145. ","Cch Inc","","44333","http://cch.com","Hospices","","","Hospices","(330) 666-5242","300 N Cleveland Massillon Rd Ste 103,Akron,OH","","","",""
"146. ","Hospice of the Western Reserve, Inc","","44119","http://www.hospicewr.org/patients-and-caregivers","Hospices","Nursing & Convalescent Homes","","Hospices,Nursing & Convalescent Homes","(216) 383-2222","300 East 185th Street,Cleveland,OH","","","",""
"147. ","Hospice of The Valley-Hospice House","","44514","https://www.mercy.com/locations/specialty-locations/hospice-care-palliative-care/hospice-of-the-valley-hospice-house","Hospices","","","Hospices","(330) 549-5850","9803 Sharrott Rd,Youngstown,OH","","","",""
"148. ","Harbor Ligth Hospice","","44505","http://www.harborlighthospice.com","Hospices","Home Health Services","","Hospices,Home Health Services","(330) 759-5270","4531 Belmont Ave Ste 9,Youngstown,OH","","","",""
"149. ","All Caring Hospice","","44131","http://www.allcaringhospice.com","Hospices","","","Hospices","(216) 520-4080","5000 Rockside Rd,Independence,OH","","","",""
"150. ","Hospice Services Of Southwest General Health Center","","44136","http://www.swgeneral.com","Hospices","","","Hospices","(440) 816-5000","18659 Drake Rd,Strongsville,OH","","","",""
"271. ","Interim Health Care","","43812","http://interimhealthcare.com","Eldercare-Home Health Services","Assisted Living & Elder Care Services","Home Health Services","Eldercare-Home Health Services,Assisted Living & Elder Care Services,Home Health Services,Hospices,Independent Living Services For The Disabled","(740) 623-2949","420 Downtowner Plz,Coshocton,OH","","","",""
"272. ","Diamonds & Pearls Rch Nc","","44122","http://www.dphealthservices.com","Home Health Services","Hospices","","Home Health Services,Hospices","(216) 752-8500","3570 Warrensville Center Rd,Beachwood,OH","","","",""
"273. ","Heartfelt Homecare","","43845","http://www.heartfeltcare.com","Home Health Services","Hospices","","Home Health Services,Hospices","(740) 545-9240","720 Welker Dr,West Lafayette,OH","","","",""
"274. ","Heartland Homecare & Hospice","","43845","","Home Health Services","Hospices","","Home Health Services,Hospices","(419) 448-8753",",,OH","","","",""
"275. ","Interim HealthCare","","45640","http://interimhealthcare.com","Eldercare-Home Health Services","Assisted Living & Elder Care Services","Home Health Services","Eldercare-Home Health Services,Assisted Living & Elder Care Services,Home Health Services,Hospices,Independent Living Services For The Disabled","(740) 286-6737","420 E Main St,Jackson,OH","","","",""
"276. ","Cambridge Home Health Care","","44035","http://www.almostfamily.com","Home Health Services","Hospices","Medical Assistants & Technicians","Home Health Services,Hospices,Medical Assistants & Technicians,Nurses","(440) 366-6777","1204 E Broad St,Elyria,OH","","","",""
"277. ","Community Health Pros-Delphos","","44035","","Eldercare-Home Health Services","Home Health Services","Hospices","Eldercare-Home Health Services,Home Health Services,Hospices","(419) 647-6058",",,OH","","","",""
"278. ","Medi Home Health Agency","","45714","http://msa-corp.com","Home Health Services","Hospices","Nurses","Home Health Services,Hospices,Nurses,Senior Citizens Services & Organizations","(740) 401-0230","809 Farson St,Belpre,OH","","","",""
"279. ","C Cmh Home Health Services","","43812","http://www.ccmh.com","Home Health Services","Hospices","","Home Health Services,Hospices","(740) 623-4452","1460 Orange St,Coshocton,OH","","","",""
"280. ","Interim Healthcare","","44256","http://interimhealthcare.com","Eldercare-Home Health Services","Assisted Living & Elder Care Services","Home Health Services","Eldercare-Home Health Services,Assisted Living & Elder Care Services,Home Health Services,Hospices,Independent Living Services For The Disabled","(330) 225-6567","449 W Liberty St,Medina,OH","","","",""
"281. ","Home Care Relief","","44119","http://www.homecarereliefinc.com","Home Health Services","Hospices","","Home Health Services,Hospices","(216) 692-2270","753 E 200th St,Cleveland,OH","","","",""
"282. ","Cambridge Home Health Care","","45750","http://chh.com","Home Health Services","Hospices","","Home Health Services,Hospices","(740) 568-9320","109 Scammel St,Marietta,OH","","","",""
"283. ","Intrepid Usa Home Health Services","","44122","http://intrepidusa.com","Home Health Services","Eldercare-Home Health Services","Hospices","Home Health Services,Eldercare-Home Health Services,Hospices,Nurses,Rehabilitation Services","(216) 593-7750","3733 Park East Dr,Beachwood,OH","","","",""
"284. ","Always There Home Care","","43221","http://www.homecareohio.com","Home Health Services","Health & Welfare Clinics","Hospices","Home Health Services,Health & Welfare Clinics,Hospices,Medical Clinics,Nurses-Home Services,Senior Citizens Services & Organizations","(614) 466-3227",",Columbus,OH","","","",""
"285. ","Amedisys Hospice","","43950","http://www.amedisys.com","Nurses","Home Health Services","Hospices","Nurses,Home Health Services,Hospices","(740) 526-0970","52171 National Rd,Saint Clairsville,OH","","","",""
"286. ","Aging Matters","","44094","https://www.agingmatters.org","Home Health Services","Hospices","","Home Health Services,Hospices","(440) 975-8875","35104 Euclid Ave Ste 216,Willoughby,OH","","","",""
"287. ","Absolute Skilled Home Health","","44720","","Home Health Services","Health & Welfare Clinics","Hospices","Home Health Services,Health & Welfare Clinics,Hospices,Medical Clinics,Nurses,Rehabilitation Services","(330) 498-8219","339 E Maple St,North Canton,OH","","","",""
"288. ","Home Health Services","","44903","http://www.mansfieldmh.com","Home Health Services","Hospices","","Home Health Services,Hospices","(419) 774-5174","50 Blymyer Ave,Mansfield,OH","","","",""
"289. ","Holzer Extra Care","","45631","","Home Health Services","Hospices","","Home Health Services,Hospices","(740) 441-3914","2881 State Route 160,Gallipolis,OH","","","",""
"290. ","Sherri's Country Care Home","","45644","","Home Health Services","Hospices","","Home Health Services,Hospices","(740) 642-3438","10835 Kingston Whisler Rd,Kingston,OH","","","",""
"291. ","Titus House Inc","","43232","http://www.titushouse.org","Social Service Organizations","Community Organizations","Home Health Services","Social Service Organizations,Community Organizations,Home Health Services,Hospices,Marriage,Family,Child & Individual Counselors","(614) 322-9999","5969 E Livingston Ave,Columbus,OH","","","",""
"292. ","Health Care Plus","","45750","http://www.healthcareplusoh.com","Home Health Services","Hospices","Medical Clinics","Home Health Services,Hospices,Medical Clinics,Nurses","(740) 376-2697","200 Putnam St Ste 800,Marietta,OH","","","",""
"293. ","Weils The","","44023","http://www.theweils.org","Nursing Homes-Skilled Nursing Facility","Alzheimer's Care & Services","Assisted Living & Elder Care Services","Nursing Homes-Skilled Nursing Facility,Alzheimer's Care & Services,Assisted Living & Elder Care Services,Assisted Living Facilities,Home Health Services,Hospices,Nursing & Convalescent Homes,Rehabilitation Services,Residential Care Facilities,Retirement Communities","(440) 543-4221","16695 Chillicothe Rd,Chagrin Falls,OH","","","",""
"294. ","Caring Hands Inc","","44601","http://www.achosp.org/services-treatments/caring-hands","Home Health Services","Hospices","Nurses","Home Health Services,Hospices,Nurses","(330) 821-6310","885 S Sawburg Ave, Suite 107,Alliance,OH","","","",""
"295. ","Senior Independence","","44313","http://www.seniorindependence.org","Eldercare-Home Health Services","Home Health Services","Hospices","Eldercare-Home Health Services,Home Health Services,Hospices,Nurses Registries","(330) 873-3468","1815 W Market St Ste 101,Akron,OH","","","",""
"296. ","Priority Group","","44111","http://www.prioritygrp.com","Home Health Services","Employment Agencies","Hospices","Home Health Services,Employment Agencies,Hospices","(216) 252-4574","14117 Lorain Ave,Cleveland,OH","","","",""
"297. ","Healing Hands Home Health","","43138","","Home Health Services","Eldercare-Home Health Services","Hospices","Home Health Services,Eldercare-Home Health Services,Hospices","(740) 385-0710","30605 Stage Coach Rd,Logan,OH","","","",""
"298. ","Pediatric Home Health Care Services","","44111","http://eaglehomehealth.com","Home Health Services","Hospices","","Home Health Services,Hospices","(216) 251-1980","15531 Lorain Ave,Cleveland,OH","","","",""
"299. ","Visiting Nurse Association of Ohio","","44115","","Home Health Services","Hospices","Nurses","Home Health Services,Hospices,Nurses,Nurses Registries,Physical Therapists,Senior Citizens Services & Organizations","(877) 698-6264","2500 E 22nd St,Cleveland,OH","","","",""
"300. ","Mother's Karing Touch Home Health Care","","44455","","Home Health Services","Hospices","","Home Health Services,Hospices","(330) 426-1853","6955 Adams Rd,Rogers,OH","","","",""
"61. ","Avita Home Health & Hospice","","44833","","Hospices","Home Health Services","Nurses","Hospices,Home Health Services,Nurses","(419) 468-7985","1220 N Market St,Galion,OH","","","",""
"62. ","Hospice of Morrow County","","43338","http://www.hospicemorrowcounty.org","Hospices","Home Health Services","","Hospices,Home Health Services","(419) 946-9822","228 South St,Mount Gilead,OH","","","",""
"63. ","Crossroads Hospice Cleveland","","44125","http://www.crossroadshospice.com","Hospices","Home Health Services","Nurses","Hospices,Home Health Services,Nurses","(216) 654-9300","9775 Rockside Rd Ste 270,Cleveland,OH","","","",""
"64. ","AseraCare Hospice","","44333","http://hospice.aseracare.com","Hospices","Assisted Living & Elder Care Services","Nursing & Convalescent Homes","Hospices,Assisted Living & Elder Care Services,Nursing & Convalescent Homes,Nursing Homes-Skilled Nursing Facility","(330) 835-3813","2820 W Market St Ste 100,Fairlawn,OH","","","",""
"65. ","Visiting Nurse Service and Affiliates","","44307","https://my.clevelandclinic.org/locations/akron-general/specialties/visiting-nurse-service","Hospices","Home Health Services","Nurses","Hospices,Home Health Services,Nurses","(330) 434-1114","160 Opportunity Pkwy Ste 101,Akron,OH","","","",""
"66. ","Hospice Of The Valley","","44512","http://hospiceofthevalley.com","Hospices","Home Health Services","Nurses","Hospices,Home Health Services,Nurses,Nursing & Convalescent Homes,Social Service Organizations","(330) 788-1992","5190 Market St,Youngstown,OH","","","",""
"67. ","Southwest General-Thomas P. Perciak Family Hospice","","44136","http://www.swgeneral.com","Hospices","","","Hospices","(440) 816-5000","18659 Pearl Rd,Strongsville,OH","","","",""
"68. ","Southern Care","","44907","http://www.southerncarehospice.com","Hospices","Home Health Services","","Hospices,Home Health Services","(419) 774-0555","775 Lexington Ave,Mansfield,OH","","","",""
"69. ","Fairhope Hospice And Pallis Fa","","43130","","Hospices","Home Health Services","","Hospices,Home Health Services","(740) 653-9782","1111 E Main St,Lancaster,OH","","","",""
"70. ","Valley Hospice Inc","","43943","http://www.valleyhospice.org","Hospices","","","Hospices","(740) 859-5650","10686 State Route 150,Rayland,OH","","","",""
"71. ","Healthpro Homecare & Staffing","","43213","","Hospices","Home Health Services","Nurses","Hospices,Home Health Services,Nurses","(614) 864-7340","4820 E Main St,Columbus,OH","","","",""
"72. ","Hospice Of The Western Reserve","","44107","http://www.hospicewr.org","Hospices","Physicians & Surgeons","","Hospices,Physicians & Surgeons","(216) 227-9048","14601 Detroit Ave Ste 100,Lakewood,OH","","","",""
"73. ","Hospice & Palliative Care Partners of Ohio","","44035","","Hospices","","","Hospices","(440) 934-8448","5311 Meadow Lane Ct Ste 2,Sheffield Village,OH","","","",""
"74. ","Evercare Hospice","","44035","http://evercarehospice.com","Hospices","Home Health Services","Pain Management","Hospices,Home Health Services,Pain Management","(937) 660-4116",",,OH","","","",""
"75. ","Hospice Services Of America","","44406","http://kasmerinsurance.com","Hospices","","","Hospices","(330) 533-4001","584 E Main St,Canfield,OH","","","",""
"76. ","Certified Health Care","","44312","","Hospices","Nurses-Home Services","Sitting Services","Hospices,Nurses-Home Services,Sitting Services","(330) 701-1717","758 Ewart Rd,Akron,OH","","","",""
"77. ","Hospice Of The Western Reserve","","44138","http://www.hospicewr.org","Hospices","","","Hospices","(440) 235-3134","26376 John Rd,Olmsted Twp,OH","","","",""
"78. ","Heartland Hospice","","44319","http://www.hcr-manorcare.com","Hospices","Eldercare-Home Health Services","Home Health Services","Hospices,Eldercare-Home Health Services,Home Health Services,Nurses,Nursing Homes-Skilled Nursing Facility","(330) 899-0871","767 E Turkeyfoot Lake Rd Ste 3,Akron,OH","","","",""
"79. ","Beckett House At New Concord","","43762","","Hospices","Nursing & Convalescent Homes","","Hospices,Nursing & Convalescent Homes","(740) 826-7649","1280 Friendship Dr,New Concord,OH","","","",""
"80. ","Canton Healthcare Center","","44714","https://www.communicarehealth.com/facility/canton-healthcare-center","Hospices","Nursing & Convalescent Homes","","Hospices,Nursing & Convalescent Homes","(330) 454-2152","1223 Market Ave N,Canton,OH","","","",""
"81. ","Gardens of Western Reserve Home Care and Hospice","","44223","http://thegardensofwesternreserve.com","Hospices","","","Hospices","(216) 916-1110","3792 State Rd,Cuyahoga Falls,OH","","","",""
"82. ","Community Hospice Of Stark County","","44707","http://www.myhospice.org","Hospices","Nursing & Convalescent Homes","Social Service Organizations","Hospices,Nursing & Convalescent Homes,Social Service Organizations","(800) 947-7284","408 9th St SW,Canton,OH","","","",""
"83. ","Medical Service Company","","44146","http://www.medicalserviceco.com","Hospices","","","Hospices","(440) 232-3000","24000 Broadway Ave,Bedford,OH","","","",""
"84. ","Hospice Of Hocking County","","43138","http://www.hospicehockingco.org","Hospices","Home Health Services","","Hospices,Home Health Services","(740) 380-1186","393 W Front St,Logan,OH","","","",""
"85. ","Hospice Of The Western Reserve","","44004","http://hospicewr.org/patients-and-caregivers","Hospices","Home Health Services","Nursing & Convalescent Homes","Hospices,Home Health Services,Nursing & Convalescent Homes","(440) 997-6619","1166 Lake Ave,Ashtabula,OH","","","",""
"86. ","Grace Hospice of Ohio","","44512","http://www.ghospice.com","Hospices","","","Hospices","(330) 729-2924","7206 Market St,Youngstown,OH","","","",""
"87. ","Universal Hospital Services","","44141","https://www.uhs.com","Hospices","","","Hospices","(440) 526-0316","6935 Treeline Dr,Brecksville,OH","","","",""
"88. ","Generation Hospice","","43055","https://www.generationhealthcare.net","Hospices","Home Health Services","","Hospices,Home Health Services","(740) 344-4663","65 Mcmillen Dr,Newark,OH","","","",""
"89. ","Genesis Hospice Care","","43701","https://www.genesishcs.org/find-locations/genesis-hospice-care-morrison-house?y_source=1_MTM2NjcwMDktNTUzLWxvY2F0aW9uLndlYnNpdGU%3D","Hospices","","","Hospices","(740) 454-5682","713 Forest Ave,Zanesville,OH","","","",""
"90. ","Crossroads Hospice","","44685","http://www.crossroadshospice.com","Hospices","","","Hospices","(330) 342-3328","3743 Boettler Oaks Dr Ste E,Uniontown,OH","","","",""
"151. ","Heartland Home Health Care","","44131","http://heartlandhomehealth.com/Cleveland","Hospices","Eldercare-Home Health Services","Home Health Services","Hospices,Eldercare-Home Health Services,Home Health Services,Nurses,Nurses-Home Services,Nursing Homes-Skilled Nursing Facility","(216) 901-1464","4807 Rockside Rd Ste 110,Independence,OH","","","",""
"152. ","Genesis Hospice & Palliative","","43756","","Hospices","","","Hospices","(800) 953-7673","713 Forest Ave,McConnelsville,OH","","","",""
"153. ","AseraCare Hospice","","44136","http://hospice.aseracare.com","Hospices","Assisted Living & Elder Care Services","Nursing & Convalescent Homes","Hospices,Assisted Living & Elder Care Services,Nursing & Convalescent Homes,Nursing Homes-Skilled Nursing Facility","(440) 846-1023","10883 Pearl Rd,Strongsville,OH","","","",""
"154. ","Medi Home Health Agency","","43793","","Hospices","","","Hospices","(740) 472-3220","206 S Main St,Woodsfield,OH","","","",""
"155. ","Newark Healthcare Centre","","43055","http://newarkhealthcare.com","Hospices","Health & Welfare Clinics","Home Health Services","Hospices,Health & Welfare Clinics,Home Health Services,Nurses,Nursing & Convalescent Homes","(740) 344-0357","75 Mcmillen Dr,Newark,OH","","","",""
"156. ","Cypress Hospice","","44017","https://www.generationshcm.com","Hospices","","","Hospices","(440) 973-0250","2 Berea Cmns Ste 1,Berea,OH","","","",""
"157. ","Habor Light Hospice","","44223","https://www.harborlighthospice.com","Hospices","","","Hospices","(330) 617-8815","207 Portage Trail, Ext. West,Cuyahoga Falls,OH","","","",""
"158. ","AseraCare Hospice - Cleveland","","44131","","Hospices","Nursing Homes-Skilled Nursing Facility","","Hospices,Nursing Homes-Skilled Nursing Facility","(440) 846-1023","5755 Granger Rd Ste 700,Independence,OH","","","",""
"159. ","Heartland Home Health","","45656","http://www.heartlandhospice.com","Hospices","Eldercare-Home Health Services","Home Health Services","Hospices,Eldercare-Home Health Services,Home Health Services,Nurses,Nursing Homes-Skilled Nursing Facility","(740) 682-7808","315 Washington St Ste B,Oak Hill,OH","","","",""
"160. ","Robinson Visiting Nurse & Hspc","","44266","http://robinsonmemorial.org","Hospices","Home Health Services","Physicians & Surgeons","Hospices,Home Health Services,Physicians & Surgeons","(330) 297-0812","6847 N Chestnut St,Ravenna,OH","","","",""
"161. ","A Caring Companion Homecare","","45315","","Hospices","Home Health Services","","Hospices,Home Health Services","(937) 270-9361",",Englewood,OH","","","",""
"162. ","Hospice of North Central Ohio","","44906","http://www.hospiceofnorthcentralohio.org","Hospices","","","Hospices","(419) 524-9200","2131 Park Ave W,Ontario,OH","","","",""
"163. ","Heartland Hospice","","44131","http://www.hcr-manorcare.com","Hospices","Eldercare-Home Health Services","Home Health Services","Hospices,Eldercare-Home Health Services,Home Health Services,Nurses,Nursing Homes-Skilled Nursing Facility","(216) 520-0765","4807 Rockside Rd Ste 110,Independence,OH","","","",""
"164. ","Loyalty Home Care LLC","","44107","http://www.myohioloyaltycare.com","Hospices","Eldercare-Home Health Services","Home Health Care Equipment & Supplies","Hospices,Eldercare-Home Health Services,Home Health Care Equipment & Supplies,Personal Care Homes,Senior Citizens Services & Organizations","(440) 799-8200","Po Box 771687,Lakewood,OH","","","",""
"165. ","Hospice of the Western Reserve","","44145","http://www.hospicewr.org","Hospices","Home Health Services","","Hospices,Home Health Services","(440) 414-7349","30080 Hospice Way,Westlake,OH","","","",""
"166. ","Palliative Care Hospice","","43334","","Hospices","Physicians & Surgeons","","Hospices,Physicians & Surgeons","(567) 233-1135","4550 State Route 229,Marengo,OH","","","",""
"167. ","Tridia Hospice","","44010","http://www.tridiahospice.com","Hospices","","","Hospices","(440) 536-8054","1933 State Route 45,Austinburg,OH","","","",""
"168. ","Hospice of Wadsworth-Rittman","","44654","http://www.wchospice.org","Hospices","","","Hospices","(800) 884-6547","1633 S Washington St,Millersburg,OH","","","",""
"169. ","Palliative Medical Associates of Ohio","","44131","","Hospices","","","Hospices","(877) 868-4827","600 E Granger Rd Ste 100,Independence,OH","","","",""
"170. ","University Hospitals Parma Med","","44130","http://www.uhhospitals.org/parma/services/hospice?utm_source=Google&utm_medium=Ad&utm_campaign=GoogleListing&utm_term=Hospice&utm_content=parma+hospice","Hospices","Home Health Services","","Hospices,Home Health Services","(440) 743-7330","9511 W Pleasant Valley Rd,Cleveland,OH","","","",""
"171. ","Pathways Hospice","","44017","","Hospices","","","Hospices","(440) 835-2220","885 W Bagley Rd,Berea,OH","","","",""
"172. ","Pathways Hospice","","44056","http://www.pathwayshospice.co","Hospices","","","Hospices","(330) 467-0303","913 E Aurora Rd,Macedonia,OH","","","",""
"173. ","Heartland","","45750","http://www.heartlandhospice.com","Hospices","Eldercare-Home Health Services","Home Health Services","Hospices,Eldercare-Home Health Services,Home Health Services,Nurses,Nursing Homes-Skilled Nursing Facility","(740) 373-8920","5001 State Route 60,Marietta,OH","","","",""
"174. ","Community Hospice","","44460","http://www.myhospice.org","Hospices","","","Hospices","(234) 575-0164","2341 E State St,Salem,OH","","","",""
"175. ","Harbor Light Hospice","","44906","https://www.harborlighthospice.com","Hospices","","","Hospices","(567) 247-8334","2267 Village Mall Drive Suite 4,Mansfield,OH","","","",""
"176. ","Hospice Of The Western Reserve","","44035","","Hospices","","","Hospices","(440) 284-2999","424 Middle Ave,Elyria,OH","","","",""
"177. ","Hospice Of The Valley","","44460","https://www.mercy.com/locations/specialty-locations/hospice-care-palliative-care/hospice-of-the-valley-columbiana","Hospices","","","Hospices","(330) 337-3182","2388 Southeast Blvd,Salem,OH","","","",""
"178. ","Curo Health Services","","44906","","Hospices","","","Hospices","(419) 529-0466","41 Briggs Dr,Ontario,OH","","","",""
"179. ","Curo Health Services","","44221","http://curohealthservices.com","Hospices","","","Hospices","(330) 920-1909","1871 Bailey Rd,Cuyahoga Falls,OH","","","",""
"180. ","David Simpson Hospice House","","44119","http://www.hospicewr.org","Hospices","Home Health Services","Physicians & Surgeons","Hospices,Home Health Services,Physicians & Surgeons","(216) 383-2222","300 E 185th St,Cleveland,OH","","","",""
"181. ","Southerncare Hospice","","44906","http://www.southerncarehospice.com/locations/oh/ontario","Hospices","Health & Welfare Clinics","Home Health Services","Hospices,Health & Welfare Clinics,Home Health Services","(419) 774-0555","41 Briggs Dr,Ontario,OH","","","",""
"182. ","Medical Service Companies","","45750","https://www.medicalserviceco.com","Hospices","","","Hospices","(740) 374-2865","1400 Colegate Dr,Marietta,OH","","","",""
"183. ","Kindred At Home Hospice","","44139","http://www.kindredathome.com/locations/ohio/cleveland","Hospices","Home Health Services","","Hospices,Home Health Services","(440) 914-0103","33610 Solon Rd Ste 3,Solon,OH","","","",""
"184. ","Crossroads Hospice","","44515","https://www.crossroadshospice.com","Hospices","","","Hospices","(330) 899-9100","1221 Woodhurst Dr,Youngstown,OH","","","",""
"185. ","Hospice Of Central Ohio","","44515","","Hospices","Home Health Services","Nurses","Hospices,Home Health Services,Nurses","(740) 681-1000",",,OH","","","",""
"186. ","Hospice Of The Valley","","44511","https://www.hospicevalley.org","Hospices","","","Hospices","(408) 559-5600","2756 Rosewae Dr,Youngstown,OH","","","",""
"187. ","Promedica Hospice","","44824","","Hospices","","","Hospices","(800) 413-1555","430 Main St,Castalia,OH","","","",""
"188. ","Hospice Of The Western","","44126","http://hospicewr.org","Hospices","","","Hospices","(440) 801-1639","22730 Fairview Center Dr Ste 100,Cleveland,OH","","","",""
"189. ","Life Care Hospice","","44281","","Hospices","","","Hospices","(330) 336-6595","124 N Lyman St,Wadsworth,OH","","","",""
"190. ","Grace Hospice","","44512","","Hospices","","","Hospices","(989) 686-9866","8170 South Ave,Youngstown,OH","","","",""
"191. ","Coler Hospice LTD","","43701","","Hospices","","","Hospices","(740) 487-1241","50 N 4th St,Zanesville,OH","","","",""
"192. ","Ohio Living Home Health and Hospice","","44094","https://www.ohioliving.org/home-health-hospice","Hospices","","","Hospices","(440) 953-1256","38879 Mentor Ave Ste A,Willoughby,OH","","","",""
"193. ","National Hospice-Palliative","","44110","https://www.nhpco.org","Hospices","","","Hospices","(703) 837-1500","17876 Saint Clair Ave,Cleveland,OH","","","",""
"194. ","Heartland Hospice","","45640","https://www.heartlandhospice.com/oakhill","Hospices","Eldercare-Home Health Services","Home Health Services","Hospices,Eldercare-Home Health Services,Home Health Services,Nurses,Nursing Homes-Skilled Nursing Facility","(740) 682-7808","404 E Huron St,Jackson,OH","","","",""
"195. ","Fairhope Hospice & Palliative Care","","43130","http://www.fairhopehospice.org","Hospices","Assisted Living & Elder Care Services","Home Health Services","Hospices,Assisted Living & Elder Care Services,Home Health Services,Nurses,Nurses-Home Services","(740) 654-7077","282 Sells Rd,Lancaster,OH","","","",""
"196. ","Hospice Of Guernsey Inc","","43725","http://www.hospiceofguernsey.com","Hospices","Home Health Services","","Hospices,Home Health Services","(740) 432-7440","PO Box 1165,Cambridge,OH","","","",""
"197. ","Generation Hhc","","43055","http://www.generationhospice.com","Hospices","","","Hospices","(740) 344-4663","1435 W Main St,Newark,OH","","","",""
"198. ","Visiting Nurse Service & Affiliates","","44320","http://vnsa.com","Hospices","Home Health Services","","Hospices,Home Health Services","(330) 861-6100","1735 S Hawkins Ave,Akron,OH","","","",""
"199. ","Heartland","","43011","http://www.heartlandhospice.com","Hospices","Eldercare-Home Health Services","Home Health Services","Hospices,Eldercare-Home Health Services,Home Health Services,Nurses,Nursing Homes-Skilled Nursing Facility","(740) 625-5774","Po Box 212,Centerburg,OH","","","",""
"200. ","Heartland","","43055","http://www.heartlandhospice.com","Hospices","Eldercare-Home Health Services","Home Health Services","Hospices,Eldercare-Home Health Services,Home Health Services,Nurses,Nursing Homes-Skilled Nursing Facility","(740) 522-3160","67 S Terrace Ave,Newark,OH","","","",""
"201. ","Heartland","","43148","http://www.heartlandhospice.com","Hospices","Eldercare-Home Health Services","Home Health Services","Hospices,Eldercare-Home Health Services,Home Health Services,Nurses,Nursing Homes-Skilled Nursing Facility","(740) 536-7381","7820 Pleasantville Rd NE,Pleasantville,OH","","","",""
"202. ","Heartland","","45640","http://www.heartlandhospice.com","Hospices","Eldercare-Home Health Services","Home Health Services","Hospices,Eldercare-Home Health Services,Home Health Services,Nurses,Nursing Homes-Skilled Nursing Facility","(740) 286-5026","8668 State Route 139 # 93,Jackson,OH","","","",""
"203. ","Heartland","","43912","http://www.heartlandhospice.com","Hospices","Eldercare-Home Health Services","Home Health Services","Hospices,Eldercare-Home Health Services,Home Health Services,Nurses,Nursing Homes-Skilled Nursing Facility","(740) 635-4600","68222 Commercial Dr,Bridgeport,OH","","","",""
"204. ","Heartland","","44060","http://www.heartlandhospice.com","Hospices","Eldercare-Home Health Services","Home Health Services","Hospices,Eldercare-Home Health Services,Home Health Services,Nurses,Nursing Homes-Skilled Nursing Facility","(440) 256-1496","8200 Mentor Hills Dr,Mentor,OH","","","",""
"205. ","Valley Hospice Inc","","43952","http://www.valleyhospice.org","Hospices","","","Hospices","(740) 283-7487","380 Summit Ave,Steubenville,OH","","","",""
"206. ","Hospice Of Huntington","","45680","","Hospices","","","Hospices","(740) 894-0013","43 Township Road 1512,South Point,OH","","","",""
"207. ","Kindred Hospice","","44131","http://www.kindredhealthcare.com/what-we-do/house-calls/our-locations/ohio","Hospices","Health & Welfare Clinics","Nurses","Hospices,Health & Welfare Clinics,Nurses,Physicians & Surgeons","(216) 642-1297","4401 Rockside Rd Ste 214,Independence,OH","","","",""
"208. ","LHS Hospice & Home Care","","44130","http://www.lhshealth.com","Hospices","","","Hospices","(440) 260-7626","7040 Hepburn Rd,Cleveland,OH","","","",""
"209. ","LHS Hospice & Home Care","","44129","","Hospices","","","Hospices","(440) 842-2273","7260 Ridge Rd,Cleveland,OH","","","",""
"210. ","Hospice of the Western Reserve","","44110","http://www.hospicewr.org","Hospices","Physicians & Surgeons","","Hospices,Physicians & Surgeons","(800) 707-8922","17876 Saint Clair Ave,Cleveland,OH","","","",""
"211. ","Wesley Hospice","","43054","https://www.wesleyhospice.com","Hospices","Home Health Services","","Hospices,Home Health Services","(614) 957-3540","4588 Wesley Woods Blvd Unit 2a,New Albany,OH","","","",""
"212. ","Lifecare Hospice","","44654","https://www.ohioshospicelifecare.org","Hospices","","","Hospices","(330) 674-0946","1263 Glen Dr,Millersburg,OH","","","",""
"213. ","Fairhope Hospice & Health","","43138","http://www.fairhopehospice.org","Hospices","","","Hospices","(740) 380-1186","96 W Hunter St,Logan,OH","","","",""
"214. ","Charity Hospice Inc","","43953","http://www.charityhospice.org","Hospices","Medical Service Organizations","","Hospices,Medical Service Organizations","(740) 264-2280","500 Luray Dr,Steubenville,OH","","","",""
"215. ","Pathways Hospice Ashland","","44805","http://pathwaysashland.com","Hospices","","","Hospices","(419) 903-0300","1171 E Main St,Ashland,OH","","","",""
"216. ","Salem East Healthcare Center","","44460","https://www.communicarehealth.com/facility/salem-east-healthcare-center","Hospices","Home Health Services","Physicians & Surgeons","Hospices,Home Health Services,Physicians & Surgeons","(330) 337-9503","230 Continental Dr,Salem,OH","","","",""
"217. ","Canfield Healthcare Center","","44511","https://www.communicarehealth.com/facility/canfield-healthcare-center","Hospices","Assisted Living & Elder Care Services","Nurses","Hospices,Assisted Living & Elder Care Services,Nurses,Nursing & Convalescent Homes","(330) 792-5511","2958 Canfield Rd,Youngstown,OH","","","",""
"218. ","Hospice & Palliative Care","","44654","http://www.nationalhospicelocator.com","Hospices","","","Hospices","(330) 674-8448","1263 Glen Dr,Millersburg,OH","","","",""
"219. ","Hospice Of Ohio","","44143","https://www.harborlighthospice.com","Hospices","","","Hospices","(614) 891-6378","677 Alpha Dr,Cleveland,OH","","","",""
"220. ","Cleveland Clinic Akron General Justin T Rogers Hospice Care Center","","44333","https://my.clevelandclinic.org/locations/directions/428-akron-general-justin-t-rogers-hospice-care-center","Hospices","Home Health Services","","Hospices,Home Health Services","(330) 665-1455","3358 Ridgewood Rd,Fairlawn,OH","","","",""
"221. ","Hospice of Western Reserve","","44094","https://www.hospicewr.org","Hospices","","","Hospices","(440) 946-3924","34900 Chardon Rd Ste 105,Willoughby Hills,OH","","","",""
"222. ","Hospice Of Medina County","","44110","https://www.hospicewr.org","Hospices","","","Hospices","(330) 722-4771","17876 Saint Clair Ave,Cleveland,OH","","","",""
"223. ","Hospice of Central Ohio","","43130","","Hospices","","","Hospices","(740) 681-1001","109 N Broad St,Lancaster,OH","","","",""
"224. ","Hospice Zanesville","","43701","","Hospices","Hospitals","","Hospices,Hospitals","(740) 453-1173","2809 Bell St Ste D,Zanesville,OH","","","",""
"225. ","Hospice & Health Service Inc","","43130","http://fairhopehospice.org","Hospices","","","Hospices","(740) 654-7077","282 Sells Rd,Lancaster,OH","","","",""
"226. ","Medcentral Homecare & Hospice","","44903","http://www.medcentral.org","Hospices","","","Hospices","(419) 526-8442","335 Glessner Ave,Mansfield,OH","","","",""
"227. ","Hospice & Palliative Care of Greater Wayne County","","44691","http://www.wchospice.org","Hospices","Physicians & Surgeons","Social Service Organizations","Hospices,Physicians & Surgeons,Social Service Organizations","(330) 264-4899","2525 Back Orrville Rd,Wooster,OH","","","",""
"228. ","Marietta Hospice an Amedisys Partner","","45750","https://www.amedisys.com/locations/hospice-care-marietta-oh","Hospices","","","Hospices","(740) 374-9100","27855 State Route 7,Marietta,OH","","","",""
"229. ","SouthernCare-Beachwood","","44122","http://www.southerncarehospice.com/locations/oh/beachwood","Hospices","Health & Welfare Clinics","Home Health Services","Hospices,Health & Welfare Clinics,Home Health Services","(216) 591-9090","23240 Chagrin Blvd,Beachwood,OH","","","",""
"230. ","SouthernCare-Wintersville","","43953","http://www.southerncarehospice.com/locations/oh/wintersville","Hospices","Health & Welfare Clinics","Home Health Services","Hospices,Health & Welfare Clinics,Home Health Services","(740) 217-2420","100 Welday Ave,Steubenville,OH","","","",""
"231. ","Akron Children's Hospital Pediatric Palliative Care, Boardman","","44512","https://www.akronchildrens.org/locations/Palliative-Care-Boardman.html?y_source=1_MTM0MDE0MzctNTUzLWxvY2F0aW9uLndlYnNpdGU%3D","Hospices","","","Hospices","(330) 746-8358","6505 Market St Suite 1210,Youngstown,OH","","","",""
"232. ","Aultman Hospice Care of Alliance","","44601","","Hospices","","","Hospices","(330) 596-7480","270 E State St,Alliance,OH","","","",""
"233. ","Hospice Of North Central Ohio Inc","","44805","http://www.myhnco.org","Hospices","Home Health Services","Social Service Organizations","Hospices,Home Health Services,Social Service Organizations","(419) 281-7107","1050 Dauch Dr,Ashland,OH","","","",""
"234. ","Akron Children's Hospital Pediatric Palliative Care, Akron","","44308","https://www.akronchildrens.org/locations/Palliative-Care.html?y_source=1_MTM0MDEzMjItNTUzLWxvY2F0aW9uLndlYnNpdGU%3D","Hospices","","","Hospices","(330) 543-3343","215 W Bowery St Ste 6200,Akron,OH","","","",""
"235. ","Homestead Hospice & Palliative Care","","44311","http://homesteadhospice.com?utm_source=extnet&utm_medium=yext","Hospices","","","Hospices","(330) 564-1444","577 Grant St Ste B,Akron,OH","","","",""
"236. ","Encompass Health","","44685","","Hospices","","","Hospices","(330) 563-4183","1575 Corporate Woods Pkwy,Uniontown,OH","","","",""
"237. ","Sarah Elizabeth Friebert, MD","","44308","https://www.akronchildrens.org/people/Sarah-Elizabeth-Friebert-MD.html?y_source=1_MTY5MTAyMjItNTUzLWxvY2F0aW9uLndlYnNpdGU%3D","Hospices","","","Hospices","(330) 543-8050","215 W Bowery St Ste 4400,Akron,OH","","","",""
"238. ","Traditions Health Care","","44505","https://www.harborlighthospice.com","Hospices","","","Hospices","(330) 759-5270","4531 Belmont Ave,Youngstown,OH","","","",""
"239. ","Enhanced Rehabilitation Services","","44060","http://www.enhancedrehab.com","Hospices","Home Health Services","","Hospices,Home Health Services","(440) 352-7533","5794 Heisley Rd,Mentor,OH","","","",""
"240. ","Heartland Home Services","","44060","http://www.heartlandhospice.com","Hospices","Eldercare-Home Health Services","Home Health Services","Hospices,Eldercare-Home Health Services,Home Health Services,Nurses,Nursing Homes-Skilled Nursing Facility","(816) 915-0838",",,OH","","","",""
"241. ","Harbor Light Hospice","","44143","","Hospices","","","Hospices","(440) 276-5945","677 Alpha Dr,Cleveland,OH","","","",""
"242. ","Harmony Hospice Care","","44122","https://harmonyhospiceohio.com","Hospices","Home Health Services","Nurses","Hospices,Home Health Services,Nurses","(216) 232-9980","25825 Science Park Dr Ste 255,Beachwood,OH","","","",""
"243. ","Homestead Hospice & Palliative Care","","44622","http://homesteadhospice.com?utm_source=extnet&utm_medium=yext","Hospices","","","Hospices","(330) 440-0401","340 Oxford St Ste 200a,Dover,OH","","","",""
"244. ","Appalachian Community Hospice","","45701","http://www.acvna.org","Hospices","Home Health Services","Nurses","Hospices,Home Health Services,Nurses,Social Service Organizations","(740) 592-3493","30 Herrold Ave,Athens,OH","","","",""
"245. ","Medsource","","44132","","Hospices","Employment Agencies","Home Health Services","Hospices,Employment Agencies,Home Health Services,Nurses-Home Services,Physical Therapists,Rehabilitation Services","(216) 289-6827","27801 Euclid Ave Ste 100,Euclid,OH","","","",""
"246. ","Mvi Homecare","","44505","http://www.mvihomecare.com","Hospices","Home Health Services","Nurses","Hospices,Home Health Services,Nurses,Nursing & Convalescent Homes,Physical Therapists","(330) 759-9487","4891 Belmont Ave,Youngstown,OH","","","",""
"247. ","Hospice of The Western Reserve","","44004","","Hospices","","","Hospices","(440) 997-6619","2420 Lake Ave,Ashtabula,OH","","","",""
"248. ","Vitas Healthcare","","44131","http://www.vitas.com","Hospices","Home Health Services","","Hospices,Home Health Services","(216) 706-2100","600 E Granger Rd Ste 100,Independence,OH","","","",""
"249. ","Odyssey Hospice","","44124","","Hospices","","","Hospices","(440) 995-1740","6140 Parkland Blvd Ste 105,Cleveland,OH","","","",""
"250. ","Southern Care Youngstown","","44515","http://www.southerncareinc.com","Hospices","Home Health Services","","Hospices,Home Health Services","(330) 797-8940","5401 Ashley Cir Ste E,Youngstown,OH","","","",""
"251. ","Hospice of Visiting Nurse Service & Hospice Care Center","","44333","http://www.akrongeneral.org/hospice","Hospices","Home Health Services","Nurses","Hospices,Home Health Services,Nurses","(330) 665-1455","3358 Ridgewood Rd,Fairlawn,OH","","","",""
"252. ","Montefiore","","44122","","Hospices","","","Hospices","(216) 910-2500","27080 Harvard Rd,Beachwood,OH","","","",""
"253. ","Hospice of Knox County","","43050","https://www.hospiceofnorthcentralohio.org/locations/hospice-of-knox-county","Hospices","Home Health Services","","Hospices,Home Health Services","(740) 397-5188","17700 Coshocton Rd,Mount Vernon,OH","","","",""
"254. ","Hospice of Tuscarawas","","44622","","Hospices","Home Health Services","","Hospices,Home Health Services","(330) 343-3258","201 W 3rd St,Dover,OH","","","",""
"255. ","College Park Home Health Care Plus","","43812","http://collegeparkinc.com/","Home Health Services","Assisted Living & Elder Care Services","Eldercare-Home Health Services","Home Health Services,Assisted Living & Elder Care Services,Eldercare-Home Health Services,Hospices,Retirement Apartments & Hotels,Retirement Communities","(740) 623-4607","380 Browns Ln,Coshocton,OH","","","",""
"256. ","Mount Up Home Health Care Agency","","44137","https://www.mountuphomehealthcare.com","Home Health Services","Hospices","Senior Citizens Services & Organizations","Home Health Services,Hospices,Senior Citizens Services & Organizations","(216) 600-8927","6150 Dunham Rd,Maple Heights,OH","","","",""
"257. ","Cambridge Home Health Care","","44691","http://www.almostfamily.com","Home Health Services","Hospices","Nurses","Home Health Services,Hospices,Nurses","(330) 345-2647","210 E Milltown Rd,Wooster,OH","","","",""
"258. ","Cambridge Home Health Care","","44087","http://www.almostfamily.com","Home Health Services","Hospices","","Home Health Services,Hospices","(330) 405-1040","1869 E Aurora Rd Ste 700,Twinsburg,OH","","","",""
"259. ","Community Home Healthcare","","43723","http://communityhomehealthinc.com","Home Health Services","Hospices","","Home Health Services,Hospices","(740) 685-1610","108 Palmetto Pl,Byesville,OH","","","",""
"260. ","At Home With Shepherd","","44515","http://www.shepherdofthevalley.com","Home Health Services","Hospices","Nurses","Home Health Services,Hospices,Nurses,Rehabilitation Services","(330) 530-4041","5525 Silica Rd,Youngstown,OH","","","",""
"261. ","City Medical Nursing","","43213","","Home Health Services","Hospices","Medical Assistants & Technicians","Home Health Services,Hospices,Medical Assistants & Technicians,Nurses,Nurses Registries,Nurses-Home Services","(614) 668-7240","5340 E Main St Ste 209,Columbus,OH","","","",""
"262. ","Assurity Home Healthcare","","45692","","Home Health Services","Hospices","","Home Health Services,Hospices","(740) 384-1780","107 S Ohio Ave,Wellston,OH","","","",""
"263. ","Caring Hearts Home Health Services Inc","","43232","http://www.caringhearthealth.com/services.html","Home Health Services","Hospices","","Home Health Services,Hospices","(614) 863-6950","4327 Donlyn Ct,Columbus,OH","","","",""
"264. ","Comfort Healthcare","","44102","http://www.comforthealthcare.com","Home Health Services","Hospices","","Home Health Services,Hospices","(216) 281-9999","8310 Detroit Ave,Cleveland,OH","","","",""
"265. ","Consumer Support Service Inc","","44256","","Home Health Services","Hospices","","Home Health Services,Hospices","(330) 764-4785","750 E Washington St,Medina,OH","","","",""
"266. ","Mother's Karing Touch Home Health Care","","44432","","Home Health Services","Hospices","","Home Health Services,Hospices","(330) 420-9464","7941 State Route 45,Lisbon,OH","","","",""
"267. ","Keisel Home Therapy & Rehabilitation Services","","44004","http://www.keiselhometherapy.com","Home Health Services","Hospices","Physical Therapists","Home Health Services,Hospices,Physical Therapists","(440) 998-7505","2141 W Prospect Rd,Ashtabula,OH","","","",""
"268. ","Interim Healthcare","","44333","http://interimhealthcare.com","Eldercare-Home Health Services","Assisted Living & Elder Care Services","Home Health Services","Eldercare-Home Health Services,Assisted Living & Elder Care Services,Home Health Services,Hospices,Independent Living Services For The Disabled","(330) 836-5571","3040 W Market St,Fairlawn,OH","","","",""
"269. ","Cambridge Home Health Care","","44663","http://almostfamily.com","Home Health Services","Hospices","Nurses","Home Health Services,Hospices,Nurses,Nurses-Home Services","(330) 339-5079","525 W High Ave,New Philadelphia,OH","","","",""
"270. ","Pro Health Care Services","","43125","http://inhomewecare.com","Home Health Services","Health & Welfare Clinics","Hospices","Home Health Services,Health & Welfare Clinics,Hospices,Medical Clinics,Nurses-Home Services,Nursing Homes-Skilled Nursing Facility,Physical Therapists","(614) 856-9111","270 Main St,Groveport,OH","","","",""
