"iYogaClass.com",(646) 915-0369,"",New York, NY 10025
"Naam Yoga New York",(646) 922-7482,"141 W 72nd St Apt 1",New York, NY 10023
"Rinaldi Pilates",(212) 228-5532,"327 E 12th St",New York, NY 10003
"Atmananda Yoga Sequence NYC HQ",(212) 625-1511,"112 E 23rd St Suite 200",New York, NY 10010
"Sonic Yoga",(212) 397-6344,"944 8th Ave",New York, NY 10019
"Centerpoint Studios",(212) 625-1511,"67 Irving Pl",New York, NY 10003
"Sivananda Yoga Vedanta Center",(212) 255-4560,"243 W 24th St",New York, NY 10011
"Centered",(212) 633-1233,"114 W 14th St",New York, NY 10011
"Yoga to the People",(917) 573-9642,"12 Saint Marks Pl",New York, NY 10003
"Circuit of Change",(212) 255-0053,"57 W 16th St",New York, NY 10011
"Karma Kids Yoga",(646) 638-1444,"104 W 14th St",New York, NY 10011
"Yoga Yoga Nyc",(212) 727-0216,"102 W 14th St",New York, NY 10011
"Yamuna Body Rolling",(212) 367-9570,"416 W 13th St",New York, NY 10014
"Body & Brain Yoga Tai chi",(212) 691-7799,"830 6th Ave 3rd floor (29th St)",New York, NY 10001
"Yoga High",(212) 792-5776,"19 Clinton St",New York, NY 10002
"Yoganesh Yoga",(646) 326-7471,"232 7th Ave",New York, NY 10011
"Lila Yoga Wellness & Womans",(212) 254-2130,"302 Bowery Apt 2",New York, NY 10012
"Dharma Yoga East",(212) 889-8160,"297 3rd Ave",New York, NY 10010
"Inwood Peace Yoga Ctr",(212) 304-9642,"630 Isham St",New York, NY 10034
"N Y Open Center Inc",(212) 219-2527,"83 Spring St",New York, NY 10012
"CorePower Yoga",(929) 207-0038,"25 Hudson St",New York, NY 10013
"DeRose Method Greenwich Village",(917) 727-0233,"523 Avenue Of The Americas",New York, NY 10011
"Dharma Yoga Center",(212) 889-8160,"46 W 24th St Lobby Floor",New York, NY 10010
"Charlie the Yogi",(908) 419-8705,"134 W 29th St",New York, NY 10001
"Antigravity Inc",(212) 279-0790,"265 W 37th St",New York, NY 10018
"Heather Lyle",(646) 378-8276,"370 W 52nd St",New York, NY 10019
"Bode",(212) 724-7303,"143 W 72nd St",New York, NY 10023
"Tiger Strong NYC",(917) 453-6503,"500 E 77th St",New York, NY 10162
"Integral Yoga",(212) 721-4000,"371 Amsterdam Ave Frnt 1",New York, NY 10024
"East Harlem Yoga",(646) 632-2240,"2157 1st Avenue, 3rd Floor",New York, NY 10029
"Yoga Spark",(212) 602-9961,"158 Duane St",New York, NY 10013
"Lyons Den Power Yoga",(646) 490-8888,"279 Church St",New York, NY 10013
"Bikram Yoga",(646) 964-4957,"404 Broadway",New York, NY 10013
"Yoga In Tribeca",(212) 966-4554,"38 Walker St",New York, NY 10013
"Yoga Smoga, Inc.",(888) 990-9642,"15 Broad St Apt 2304",New York, NY 10005
"Yoga Vida",(212) 343-7001,"416 Washington St",New York, NY 10013
"Shri Yoga",(212) 343-9642,"443 Greenwich St",New York, NY 10013
"Wow Yoga Pants",(347) 854-6959,"99 Wall St",New York, NY 10005
"Strala Yoga",(917) 488-7195,"632 Broadway",New York, NY 10012
"Bananahandles Inc",(646) 299-2971,"172 Allen St Frnt 2",New York, NY 10002
"Katonah Yoga Bowery",(917) 885-0278,"302 Bowery",New York, NY 10012
"Shiva Shanti Yoga School",(201) 531-9642,"12 Avenue A",New York, NY 10009
"Little Flower Yoga Studio",(917) 385-2005,"711 Broadway Ste 218",New York, NY 10003
"Bonada",(646) 692-9398,"110 1st Ave",New York, NY 10009
"Gesundheit",(212) 228-0649,"12 Saint Marks Pl",New York, NY 10003
"Sky Blue Yoga",(212) 989-9874,"95 Christopher St",New York, NY 10014
"Laughing Lotus Yoga Center",(212) 414-2903,"55 Christopher St",New York, NY 10014
"The Yoga Therapist",(914) 575-9763,"140 Charles St",New York, NY 10014
"Buddha Body Yoga Tm",(212) 473-0166,"80 E 11th St",New York, NY 10003
"Modo Yoga NYC",(212) 780-9642,"434 Avenue Of The Americas Fl 2",New York, NY 10011
"The Shala",(212) 979-9988,"815 Broadway",New York, NY 10003
"Flow & Grow Kids Yoga",(774) 353-6591,"1 Irving Pl",New York, NY 10003
"Savasana Station",(917) 289-2393,"212 Avenue B",New York, NY 10009
"Orly Yoga",(917) 371-9902,"29 W 15th St",New York, NY 10011
"Practice Yoga",(212) 255-7588,"240 W 14th St",New York, NY 10011
"Pilates On The Square",(646) 850-0378,"857 Broadway, 2nd Floor",New York, NY 10003
"Chandogya",(212) 414-2903,"59 W 19th St",New York, NY 10011
"Koppele Method",(201) 960-3074,"37 W 20th St Ste 806",New York, NY 10011
"Alo Yoga",(212) 727-1806,"164 5th Ave",New York, NY 10010
"Modo Yoga NYC",(212) 780-9642,"434 Avenue Of The Americas Fl 2",New York, NY 10011
"The Shala",(212) 979-9988,"815 Broadway",New York, NY 10003
"Flow & Grow Kids Yoga",(774) 353-6591,"1 Irving Pl",New York, NY 10003
"Savasana Station",(917) 289-2393,"212 Avenue B",New York, NY 10009
"Orly Yoga",(917) 371-9902,"29 W 15th St",New York, NY 10011
"Practice Yoga",(212) 255-7588,"240 W 14th St",New York, NY 10011
"Pilates On The Square",(646) 850-0378,"857 Broadway, 2nd Floor",New York, NY 10003
"Chandogya",(212) 414-2903,"59 W 19th St",New York, NY 10011
"Koppele Method",(201) 960-3074,"37 W 20th St Ste 806",New York, NY 10011
"Alo Yoga",(212) 727-1806,"164 5th Ave",New York, NY 10010
"Balance Integration",(212) 255-4008,"212 W 22nd St Apt 2b",New York, NY 10011
"Reflection Yoga",(212) 974-2288,"227 E 24th St",New York, NY 10010
"Samamkaya Yoga Back Care",(646) 964-5772,"119 W 23rd St",New York, NY 10011
"Buddha Body Yoga TM",(212) 473-0166,"1133 Broadway",New York, NY 10010
"Breathing Project",(212) 979-9642,"15 W 26th St",New York, NY 10010
"Allow Yoga Therapy",(347) 709-9642,"37 W 26th St",New York, NY 10010
"Yoga Union Center for Backcare and Scoliosis",(212) 532-1512,"32 W 28th St",New York, NY 10001
"Yoga Union",(212) 510-7404,"37 W 28th St",New York, NY 10001
"Yoga La Vie",(347) 753-1389,"135 W 29th St",New York, NY 10001
"Simona Yoga",(323) 401-2411,"140 W 30th St",New York, NY 10001
"Bikram Yoga",(917) 940-8935,"139 E 35th St",New York, NY 10016
"Bikram Yoga",(917) 940-8935,"139 W 35th St",New York, NY 10001
"Power Yoga Guru",(917) 916-8355,"48 Park Ave",New York, NY 10016
"Balance Yoga",(212) 725-6557,"200 E 37th St",New York, NY 10016
"Kogucik",(917) 940-8935,"132 W 36th St Rm 800",New York, NY 10018
"Yogamove",(212) 278-8330,"1026 Avenue Of The Americas Apt 5",New York, NY 10018
"yogaxpress",(646) 784-5796,"300 E 40th St Apt 24k",New York, NY 10016
"Bikram Yoga",(212) 245-2525,"797 8th Ave",New York, NY 10019
"Ban-Chi Yoga",(917) 664-5792,"250 W 49th St",New York, NY 10019
"Atmananda Yoga Sequence",(212) 625-1511,"226 E 54th St",New York, NY 10022
"City Pilates",(212) 713-0012,"850 7th Ave Ste 1104",New York, NY 10019
"Anja Partners",(212) 207-8901,"120 E 56th St",New York, NY 10022
"Mm Yoga",(212) 566-8676,"550 W 54th St",New York, NY 10019
"Fit Yoga",(212) 262-2247,"250 W 57th St Ste 710",New York, NY 10107
"Karma-Yoga-And-Pilates",(212) 721-2524,"37 W 65th St",New York, NY 10023
"In Light Wellness Retreats",(347) 259-0587,"416 E 71st St",New York, NY 10021
"Yogascapes",(510) 629-9191,"1995 Broadway Fl 16",New York, NY 10023
"Yorkville Yoga",(212) 288-8221,"340 E 73rd St",New York, NY 10021
"Bikram Yoga",(212) 724-7303,"143 W 72nd St",New York, NY 10023
"Kelly Yoga NYC",(646) 591-1076,"155 W 72nd St",New York, NY 10023
"House of Jai Yoga",(646) 861-3659,"1456 1st Ave",New York, NY 10021
"Ashtanga Yoga Upper West Side",(917) 621-5078,"239 W 72nd St",New York, NY 10023
"Leela Rom Yoga",(212) 799-8260,"340 W 72nd St",New York, NY 10023
"Yoga Blossom",(212) 362-4288,"37 W 76th St Apt 2f",New York, NY 10023
"Integral Interfaith Weddings",(212) 721-4000,"371 Amsterdam Ave Frnt 1",New York, NY 10024
"Bikram Yoga",(212) 288-9642,"173 E 83rd St",New York, NY 10028
"Bode-Upper East Side",(212) 288-9642,"173 E 83rd St",New York, NY 10028
"Yoga Studios Of New York",(351) 384-8478,"351 E 84th St Apt 14d",New York, NY 10028
"New York Yoga",(212) 439-9642,"132 E 85th St",New York, NY 10028
"Yogilates Inc.",(212) 772-9922,"339 E 85th St Apt 4c",New York, NY 10028
"Practice Yoga",(212) 724-4884,"140 W 83rd St Frnt 4NEW",New York, NY 10024
"Syda Yoga Meditation Ashram",(212) 873-8030,"324 W 86th St",New York, NY 10024
"5 Pillars Yoga",(212) 426-6111,"1298 Madison Ave",New York, NY 10128
"Yoga For Two",(212) 666-2237,"175 W 93rd St",New York, NY 10025
"Savitri Yoga",(212) 722-5313,"1260 Park Ave",New York, NY 10029
"Aerialista Inc",(212) 662-2633,"250 Riverside Dr Apt 26b",New York, NY 10025
"Yoga to the People",(917) 573-9642,"2710 Broadway",New York, NY 10025
"Bikram Yoga",(212) 369-1830,"4 E 116th St",New York, NY 10029
"Hillary Yoga",(336) 380-0605,"280 W 115th St",New York, NY 10026
"Yoga Bliss Inc",(212) 712-8715,"1831 Madison Ave Apt 4l",New York, NY 10035
"Balanced Pilates NYC",(718) 395-3525,"305 W 123rd St",New York, NY 10027
"Urban Yoga Foundation",(917) 710-5437,"259 W 137th St",New York, NY 10030
"Beloved Yogi Harlem",(646) 549-1435,"678 Saint Nicholas Ave",New York, NY 10030
"Urban Yoga Foundation Inc",(917) 710-5437,"549 W 152nd St",New York, NY 10031
"Mindbodysoul Yoga",(917) 439-6288,"350 Fort Washington Ave",New York, NY 10033
"Go Greenly Yoga",(212) 567-0700,"4865 Broadway",New York, NY 10034
"Yvette Cabral",(212) 567-0707,"4865 Broadway",New York, NY 10034
"Bread & Yoga",(212) 569-4112,"5000 Broadway Apt A",New York, NY 10034
"The Mitchell Method",(917) 553-0040,"",New York, NY 10012
"Tribeca Yoga Group",(310) 993-8721,"",New York, NY 10013
"Joe Miller Yoga",(646) 327-7034,"",New York, NY 10001
"Earth Yoga",(212) 486-4111,"328 E 61st St",New York, NY 10065
"Creative Energy Yoga",(347) 542-7855,"40 E 3rd St",New York, NY 10003
"Prana Power Yoga",(212) 460-9642,"862 Broadway",New York, NY 10003
"Bikram Yoga Harlem",(212) 926-0753,"518 W 145th St Frnt 1",New York, NY 10031
"Bikram Yoga Downtown",(212) 964-6411,"121 Fulton St",New York, NY 10038
"Katonah Yoga",(917) 639-3878,"144 8th Ave",New York, NY 10011
"Bikram Yoga NYC",(212) 206-9400,"182 5th Ave",New York, NY 10010
"YogaWorks",(212) 965-0801,"459 Broadway",New York, NY 10013
"Viital Signs Fitness Yoga-Deb",(917) 826-9083,"399 E 72nd St",New York, NY 10021
"World Yoga Center",(212) 877-4153,"265 W 72nd St",New York, NY 10023
"Moksha Yoga Nyc",(212) 780-9642,"434 Avenue Of The Americas Fl 2",New York, NY 10011
"Undakova Yoga",(917) 512-3752,"257 Clinton St",New York, NY 10002
"Yoga Vida",(212) 845-9973,"666 Broadway",New York, NY 10012
"Vital Ki Energy of Jungshim",(212) 604-9595,"4 W 22nd St",New York, NY 10010
"Sankalpah Yoga Studio",(212) 532-2033,"254 5th Ave",New York, NY 10001
"Brahma Kumaris World Spiritual",(212) 688-1335,"866 United Nations Plz Rm 436",New York, NY 10017
"Yo Yoga",(646) 490-7790,"344 E 59th St",New York, NY 10022
"Ny Loves Yoga",(212) 877-9642,"140 W 83rd St Frnt 4",New York, NY 10024
"Upperwest Side Yoga And Wellness",(212) 595-2221,"77 W 85th St",New York, NY 10024
"Yogamaya",(212) 675-4555,"135 W 20th St",New York, NY 10011
"Jivamukti Yoga School",(212) 353-0214,"841 Broadway",New York, NY 10003
"Kundalini Yoga East Inc",(212) 982-5959,"873 Broadway",New York, NY 10003
"Universal Force Yoga",(917) 606-1730,"7 W 24th St",New York, NY 10010
"Mahayogi Yoga Mission",(212) 807-8903,"228 Bleecker St",New York, NY 10014
"Ishta Yoga",(212) 598-4800,"56 E 11th St",New York, NY 10003
"YogaWorks",(212) 935-9642,"474 Broadway",New York, NY 10013
"Prenatal Yoga Center",(212) 362-2985,"251 W 72nd St Apt 2f",New York, NY 10023
"Body Logic",(212) 633-0401,"132 Perry St",New York, NY 10014
"Yoga Vida",(212) 995-5553,"99 University Pl",New York, NY 10003
"Laughing Lotus Yoga Center",(212) 414-2903,"636 Avenue Of The Americas Lbby 3",New York, NY 10011
"Hsp Life Coaching Inc",(212) 683-2571,"830 Avenue Of The Americas",New York, NY 10001
"Birkram Yoga Manhattan",(212) 929-9052,"150 W 30th St Frnt 4",New York, NY 10001
"Turner Pr",(212) 889-1700,"264 W 40th St Rm 802",New York, NY 10018
"Dahn Yoga",(212) 935-5777,"532 Madison Ave",New York, NY 10022
"Pure Yoga",(212) 360-1888,"203 E 86th St",New York, NY 10028
"Mangoh Holistic Health Studio",(212) 661-6655,"322 E 39th St",New York, NY 10016
"YogaWorks",(212) 650-9642,"1319 3rd Ave",New York, NY 10021
"Virayoga",(212) 334-9960,"580 Broadway Rm 200",New York, NY 10012
"Yamuna",(212) 633-2143,"132 Perry St",New York, NY 10014
"Yoga Union",(212) 889-8643,"128 E 29th St Apt 3A",New York, NY 10016
"Bridge and Bridge Yoga Inc",(212) 490-1443,"6 E 39th St",New York, NY 10016
"Studio Of Yoga",(646) 692-4947,"320 W 55th St",New York, NY 10019
"Zuna Yoga",(610) 295-5336,"",New York, NY 10016
"Pilates Shop Yoga Garage",(212) 316-9164,"2805 Broadway",New York, NY 10025
"Yoga Works",(212) 935-9642,"160 E 56th St Fl 12",New York, NY 10022
"New York Yoga",(212) 717-9642,"1629 York Ave",New York, NY 10028
"Dahn Yoga",(212) 249-0077,"1128 3rd Ave",New York, NY 10065
"Kula Yoga Project",(212) 945-4460,"28 Warren St",New York, NY 10007
"Fluid Fitness",(212) 278-8330,"1026 Avenue Of The Americas 5th Floor",New York, NY 10018
"Reflections Yoga",(212) 974-2288,"244 W 49th St",New York, NY 10019
"OM Yoga",(212) 254-9642,"826 Broadway Fl 6",New York, NY 10003
"Yoga Nyc",(646) 678-3116,"98 Forsyth St Fl 2",New York, NY 10002
"Future Yoga",(646) 478-7167,"370 W 58th St",New York, NY 10019
"Land Yoga",(212) 866-5263,"2116 Frederick Douglass Blvd",New York, NY 10026
"Ashtanga Yoga Shala",(212) 614-9537,"295 E 8th St",New York, NY 10009
"Iyengar Yoga Institute",(212) 691-9642,"150 W 22nd St Fl 2",New York, NY 10011
"Akasha Studio",(212) 228-9005,"54 Great Jones St",New York, NY 10012
"Yogi Beans",(212) 585-2326,"1018 Lexington Ave",New York, NY 10021
"Harlem Yoga Studio",(917) 538-0457,"44 W 125th St",New York, NY 10027
"Aikido Up Here",(646) 483-8700,"3 Henshaw St",New York, NY 10034
"Bikram Yoga East Side",(212) 832-1833,"235 E 49th St",New York, NY 10017
"East Yoga Center",(212) 420-8411,"212 Avenue B",New York, NY 10009
"Pure Yoga",(212) 877-2025,"204 W 77th St",New York, NY 10024
"Method Fitness Wellness",(212) 255-5842,"132 E 43rd St Ste 443",New York, NY 10017
"Emerge Athletics",(917) 830-7222,"200 Water St",New York, NY 10038
"Jennifer Hutz",(212) 206-1976,"145 W 28th St",New York, NY 10001
"The Center Studio",(646) 505-4457,"334 Amsterdam Ave",New York, NY 10023
"Smart Workout",(212) 661-1660,"124 E 40th St Ste 603",New York, NY 10016
"Five Points Academy",(212) 226-4474,"148 Lafayette St",New York, NY 10013
"Thompkins Fitness",(212) 675-6690,"122 W 26th St",New York, NY 10001
"Equinox",(212) 355-5100,"330 E 61st St",New York, NY 10065
"Ludlow Fitness",(212) 260-9222,"100 Delancey St",New York, NY 10002
"Groundfloor Exercise",(212) 724-1727,"139 W 72nd St",New York, NY 10023
"Shawna Cordell Fitness",(212) 925-7177,"405 Broome St",New York, NY 10013
"Dr. Daniel Fenster",(212) 737-9000,"30 E 60th St Rm 302",New York, NY 10022
"Quantum Elite Training",(347) 541-8420,"",New York, NY 10032
"Equinox",(212) 243-7600,"421 Hudson St",New York, NY 10014
"Pure Barre",(646) 998-4333,"110 Reade St",New York, NY 10013
"Zen-Fit Rehab Studio",(929) 855-8897,"394 Broadway",New York, NY 10013
"Pure Barre",(212) 785-1222,"80 Pine St",New York, NY 10005
"Sweaty Betty",(646) 386-7003,"77 Mercer St",New York, NY 10012
"Equinox Orchard Street",(212) 501-1450,"200 Orchard St",New York, NY 10002
"Pure Barre",(917) 426-2674,"250 E Houston St",New York, NY 10002
"Pure Barre",(646) 344-1142,"273 Bleecker St",New York, NY 10014
"Pure Barre",(646) 952-0171,"78 5th Ave",New York, NY 10011
"SKH Quest Center NYC Quest Dojo",(347) 855-3656,"77 8th Ave",New York, NY 10014
"Pure Barre",(559) 890-2805,"39 W 21st St",New York, NY 10010
"Namaste Concierge",(413) 200-8230,"239 W 21st St",New York, NY 10011
"Fly Fitness NYC",(212) 643-0256,"348 W 36th St",New York, NY 10018
"Om Factory",(212) 616-8662,"265 W 37th St",New York, NY 10018
"Life Time Athletic at Sky",(212) 564-1300,"605 W 42nd St",New York, NY 10036
"Pure Barre",(646) 484-5447,"1325b Avenue Of The Americas",New York, NY 10019
"Pure Barre",(212) 265-3943,"200 Central Park S Apt 207",New York, NY 10019
"Pure Barre",(646) 678-4102,"1237 2nd Ave",New York, NY 10065
"Pure Barre",(917) 409-0831,"201 E 67th St Fl 2f",New York, NY 10065
"Transform Your Life Fitness",(347) 852-2030,"135 W 79th St",New York, NY 10024
"Pure Barre",(917) 965-2175,"412 Columbus Ave",New York, NY 10024
"Neighborhood Trainers",(646) 924-6216,"247 W 87th St",New York, NY 10024
"Mind Over Matter Heath and Fitness",(212) 865-9290,"126 W 96th St",New York, NY 10025
"Ice Nyc",(212) 680-0153,"93 Worth St",New York, NY 10013
"Exhale New York - Soho",(212) 561-7400,"40 Wooster St",New York, NY 10013
"GYM NYC",(646) 678-4723,"227 Mulberry St",new york, NY 10012
"Pure Barre",(646) 344-1142,"554 Hudson St",New York, NY 10014
"Pilates Pro Works",(212) 929-6106,"47 W 14th St",New York, NY 10011
"Om Factory Flight School",(212) 353-3500,"873 Broadway",New York, NY 10003
"Yoga 216",(212) 337-3530,"511 W 20th St",New York, NY 10011
"Hari NYC Inc",(212) 465-0606,"140 W 30th St Rm 3w",New York, NY 10001
"Your-Movement Wellness Center",(212) 302-5651,"43 W. 46th Street (between 5 & 6 ave), 3rd Floor,",New York, NY 10036
"Pure Barre",(314) 721-9300,"1841 Broadway Rm 330",New York, NY 10023
"World Gym",(212) 874-0942,"1926 Broadway",New York, NY 10023
"Nalini Method",(646) 775-6145,"48 W 68th St",New York, NY 10023
"A Fit Way Personal Training",(203) 521-2811,"",New York, NY 10025
"Fully Centered",(917) 315-4241,"",New York, NY 10003
"Steve Sweat NYC Fitness",(917) 553-0267,"22 W 19th St",New York, NY 10011
"The Pilates Room, NYC",(212) 206-1827,"150 W 28th St Ste 901",New York, NY 10001
"Temple Tower Society",(646) 481-7530,"44 E 32nd St",New York, NY 10016
"Vivacity Acupuncture",(646) 481-4228,"123 4th Ave",New York, NY 10003
"Beyond Body Mind Spirit",(212) 889-4986,"10 Park Ave",New York, NY 10016
"Yoga With Gia",(212) 675-1394,"137 W 14th St",New York, NY 10011
"Well Balanced Chiropractic",(212) 579-2858,"113 W 78th St",New York, NY 10024
"BellaVita: Fitness & Wellness",(917) 722-2378,"227 W 29th St",New York, NY 10001
"Yoga Sutra NYC",(212) 490-1443,"6 E 39th St",New York, NY 10016
"Rock Fit Plus",(917) 332-9700,"301 E 57th St",New York, NY 10022
"Healing is Appealing",(917) 426-1610,"537 W 59th St",New York, NY 10019
"Exhale New York - Upper East Side",(212) 561-6400,"980 Madison Ave",New York, NY 10075
"Keshava Radha Yoga",(917) 849-9716,"255 W 36th St Rm 1006",New York, NY 10018
"Bodysmith Co",(212) 249-1824,"167 E 67th St",New York, NY 10065
"Life In Motion",(212) 666-0870,"2744 Broadway",New York, NY 10025
"Vishwa Dharma Mandalam",(888) 474-1218,"96 Avenue B",New York, NY 10009
"Prana Power Yoga",(718) 246-9642,"229 Smith St",Brooklyn, NY 11231
"Yogasana-Center-For-Yoga",(718) 789-7255,"90 5th Ave",Brooklyn, NY 11217
"Studio Maya",(917) 837-3705,"603 Bergen St",Brooklyn, NY 11238
"Suryasta Yoga",(347) 223-4246,"637 41st St",Brooklyn, NY 11232
"Red Apple Yoga",(347) 559-5601,"379 7th St",Brooklyn, NY 11215
"Bella Bellies",(201) 705-4018,"720 Monroe St",Hoboken, NJ 07030
"MAUSA Health & Fitness Center",(718) 210-3190,"759 Washington Ave",Brooklyn, NY 11238
"Bikram Yoga Park Slope",(718) 399-3369,"507 Flatbush Ave",Brooklyn, NY 11225
"Abhaya Yoga",(718) 522-3635,"48 John St",Brooklyn, NY 11201
"Brooklyn Yoga Project",(917) 909-0412,"185 Sackett St",Brooklyn, NY 11231
"CorePower Yoga",(917) 810-3578,"159 N 4th St",Brooklyn, NY 11211
"Area Yoga",(718) 797-3699,"389 Court St",Brooklyn, NY 11231
"Abhaya Yoga Gowanus",(718) 682-3270,"43d 9th St",Brooklyn, NY 11215
"PIRATE.COM - Rehearsal Studios",(844) 274-7283,"156 6th St",Brooklyn, NY 11215
"PIRATE.COM - Rehearsal Studios",(844) 274-7283,"110 Scott Ave",Brooklyn, NY 11237
"Abhaya Yoga",(718) 722-7840,"135 Plymouth St",Brooklyn, NY 11201
"BK Yoga Psychotherapy",(858) 529-5334,"26 Court St",Brooklyn, NY 11242
"YogaWorks",(718) 687-4340,"210 Joralemon St",Brooklyn, NY 11201
"Powerflow Yoga",(201) 433-2032,"160 Morgan St",Jersey City, NJ 07302
"Surya Yoga Academy",(201) 798-7498,"341 Grove St",Jersey City, NJ 07302
"The Hudson Yoga Project",(201) 850-1104,"44 Hudson Pl",Hoboken, NJ 07030
"Surya Yoga Academy",(201) 798-7498,"79 Hudson St Ste 103ll",Hoboken, NJ 07030
"Y 7 Studio",(646) 820-0781,"240 Kent Ave",Brooklyn, NY 11249
"Powerflow Yoga",(201) 533-9642,"104 Hudson St",Hoboken, NJ 07030
"Tangerine Hot Power Yoga",(718) 855-8622,"225 Schermerhorn St",Brooklyn, NY 11201
"Yoga",(347) 889-5424,"155 Smith St",Brooklyn, NY 11201
"Modo Yoga Nyc",(347) 889-7248,"109 Metropolitan Ave",Brooklyn, NY 11249
"Zen Mommas",(917) 547-0400,"40 N 4th St Apt 5c",Brooklyn, NY 11249
"Pavana Yoga",(201) 683-6155,"251 1st St",Hoboken, NJ 07030
"Kula Yoga Project",(347) 463-9886,"85 N 3rd St",Brooklyn, NY 11249
"Seeds of Change Mala",(917) 459-6155,"27 N 6th st",Brooklyn, NY 11249
"Sacred Brooklyn",(718) 855-2973,"334 Myrtle Ave",Brooklyn, NY 11205
"Williamsburg Yoga Psychotherapy",(646) 504-7218,"169 Wythe Ave Apt 106",Brooklyn, NY 11249
"Laughing Lotus Yoga Center",(718) 576-3565,"232 Broadway",Brooklyn, NY 11211
"Devi Yoga Studio",(646) 645-2188,"246 Grand St",Brooklyn, NY 11211
"Move With Grace",(718) 230-0013,"431 Myrtle Ave",Brooklyn, NY 11205
"Bikram Yoga",(201) 798-7498,"618 Washington St",Hoboken, NJ 07030
"Alexandra Plante Yoga",(973) 951-6883,"536 Garden St",Hoboken, NJ 07030
"Brooklyn Yoga Club",(646) 509-4174,"206 Vanderbilt Ave",Brooklyn, NY 11205
"Monkey Do Yoga",(917) 361-5322,"557 Atlantic Ave",Brooklyn, NY 11217
"Asana Soul Practice",(201) 792-5254,"411 Jefferson St",Hoboken, NJ 07030
"Nirvana Yoga & Wellne",(347) 413-5307,"602 Myrtle Ave",Brooklyn, NY 11205
"Yvayoga",(646) 961-7123,"285 Willoughby Ave",Brooklyn, NY 11205
"In Home Yoga",(917) 312-8880,"727 Monroe St Apt 206",Hoboken, NJ 07030
"Hosh Dou",(718) 638-1569,"214 Greene Ave",Brooklyn, NY 11238
"Sattva Yoga Jersey City",(201) 239-7168,"523 Palisade Ave",Jersey City, NJ 07307
"Dou Yoga",(718) 638-1569,"281 Greene Ave",Brooklyn, NY 11238
"Hosh",(718) 638-1569,"281 Greene Ave",Brooklyn, NY 11238
"Abhyasa Yoga Center",(718) 302-1499,"116 Skillman Ave",Brooklyn, NY 11211
"Yoga With Dina",(617) 501-3401,"142 Nassau Ave",Brooklyn, NY 11222
"Ayurvedic Yoga Detox",(718) 383-1750,"172 Norman Ave",Brooklyn, NY 11222
"Lucent Yoga",(718) 383-1750,"172 Norman Ave",Brooklyn, NY 11222
"Sacred Brooklyn",(347) 715-4112,"197 Clifton Pl",Brooklyn, NY 11216
"Flexible Rhythm Yoga",(732) 547-3040,"1411 Grand St",Hoboken, NJ 07030
"Narayana Integrative Center Ltd",(212) 280-1000,"191 Nassau Ave",Brooklyn, NY 11222
"Real Hot Yoga",(201) 222-1007,"1414 Grand St",Hoboken, NJ 07030
"Makara Studio",(347) 357-8946,"164 Montrose Ave",Brooklyn, NY 11206
"Jennifer Brilliant Yoga",(718) 499-7282,"732a Carroll St",Brooklyn, NY 11215
"Yogamela Studio And Physical Therapy Center",(718) 709-7108,"88 Seigel St Fl 2",Brooklyn, NY 11206
"Urban Lotus NYC at Lhyc",(917) 226-6313,"1500 Harbor Blvd",Weehawken, NJ 07086
"Sensei Yoga",(206) 920-1621,"307 Hart St",Brooklyn, NY 11206
"Thirdeye Yoga",(718) 865-8568,"433 7th Ave",Brooklyn, NY 11215
"Stacked Yoga",(347) 529-2005,"405 Tompkins Ave",Brooklyn, NY 11216
"Loom Yoga Studios",(646) 504-0121,"1087 Flushing Ave",Brooklyn, NY 11237
"Amayasana Yoga & Pilates",(516) 477-2904,"269 Stuyvesant Ave",Brooklyn, NY 11221
"Yogasole",(718) 541-1382,"254 Windsor Pl",Brooklyn, NY 11215
"Yoga Tribe Brooklyn",(718) 399-3369,"1120 Washington Ave",Brooklyn, NY 11225
"Vero Yoga NYC",(646) 391-3266,"208 Midwood St",Brooklyn, NY 11225
"Mala Yoga",(929) 900-5817,"162 Court St",Brooklyn, NY 11201
"Move With Grace",(718) 230-0013,"469 Myrtle Ave",Brooklyn, NY 11205
"Hosh Yoga",(718) 599-9642,"51 Nassau Ave",Brooklyn, NY 11222
"Bikram Yoga Brooklyn",(718) 797-2100,"106 Montague St",Brooklyn, NY 11201
"Abhyasa Yoga Center",(718) 782-8272,"628 Metropolitan Ave",Brooklyn, NY 11211
"Bikram Yoga South Slope",(718) 788-3688,"555 5th Ave Ste 2",Brooklyn, NY 11215
"The Yoga Room",(718) 786-7962,"1014 47th Ave",Long Island City, NY 11101
"Surya Yoga Academy",(201) 798-7498,"618 Washington St",Hoboken, NJ 07030
"Catcow Yoga",(718) 389-7971,"118 Freeman St",Brooklyn, NY 11222
"Jaya Yoga & Wellness Center",(718) 788-8788,"1626 8th Ave",Brooklyn, NY 11215
"Greenhouse Holistic",(718) 599-3113,"218 N 7th St",Brooklyn, NY 11211
"Yoga Center",(718) 858-4554,"519 Court St",Brooklyn, NY 11231
"Bend & Bloom Yoga",(347) 987-3162,"708 Sackett St",Brooklyn, NY 11217
"Bija Kids",(347) 294-0653,"900 Fulton St",Brooklyn, NY 11238
"Yogasana Center For Yoga",(718) 789-7255,"118 3rd Ave",Brooklyn, NY 11217
"Flesh and Bone Pilates",(718) 218-8822,"37 S 3rd St",Brooklyn, NY 11249
"Ashtanga Yoga Brooklyn",(786) 208-9174,"112 N 6th St",Brooklyn, NY 11249
"New Leaf",(718) 369-0005,"142 Prospect Ave",Brooklyn, NY 11215
"Aroha Yoga and Wellness",(917) 359-5168,"160 Montague St",Brooklyn, NY 11201
"Yoga Shunya",(201) 610-9737,"275 Grove St",Jersey City, NJ 07302
"Unnata Aerial Yoga",(646) 205-3210,"241 Bedford Ave",Brooklyn, NY 11211
"Mimi Kids Yoga",(201) 222-1814,"1001 Bloomfield St",Hoboken, NJ 07030
"Hosh Yoga Clinton Hill",(718) 638-1569,"214 Greene Ave",Brooklyn, NY 11238
"Yoga 3",(201) 798-1770,"846 Newark Ave",Jersey City, NJ 07306
"Sangha Yoga Shala",(718) 384-2097,"107 N 3rd St Apt 3e",Brooklyn, NY 11249
"Yoga To The People",(718) 388-8960,"211 N 11th St",Brooklyn, NY 11211
"Pranavah Yoga Studio",(718) 392-0979,"4746 Vernon Blvd",Long Island City, NY 11101
"Yoga Devanand Med",(201) 430-3111,"1617 Bergenline Ave",Union City, NJ 07087
"Shala",(718) 522-2088,"83 Lafayette Ave",Brooklyn, NY 11217
"Usha Veda Yoga",(718) 383-0901,"1006 Manhattan Ave",Brooklyn, NY 11222
"Yoga in Brooklyn, Private Lessons",(646) 554-5704,"105 15th St",Brooklyn, NY 11215
"Living Yoga",(718) 261-9642,"11720 Queens Blvd",Forest Hills, NY 11375
"Bikram Yoga Rego Park",(718) 275-2100,"6507 Woodhaven Blvd Ste 3",Rego Park, NY 11374
"Welcome Om Yoga",(862) 902-6637,"45 Bleeker St",Newark, NJ 07102
"Shakti Yoga Center",(718) 442-9400,"3 Victory Blvd",Staten Island, NY 10301
"The Green Spa & Wellness Center",(929) 377-5081,"8804 3rd Ave",Brooklyn, NY 11209
"Dahn Yoga",(718) 261-5588,"10814 72nd Ave",Forest Hills, NY 11375
"Creative Vibrations Yoga Studio And Spa",(347) 345-6095,"2255 31st St",Astoria, NY 11105
"Secaucus Body and Brain Yoga and Taichi",(201) 864-2095,"225 Moller St",secaucus, NJ 07094
"Owl's Head Yoga",(347) 719-2363,"278 73rd St",Brooklyn, NY 11209
"Yoga Nidra Studio",(347) 316-8642,"7217 13th Ave",Brooklyn, NY 11228
"Jaya Yoga Center",(917) 740-5292,"2902 Fort Hamilton Pkwy",Brooklyn, NY 11218
"The Fitness Room",(718) 673-8529,"5639 61st St",Maspeth, NY 11378
"Rosie Yoga and Pilates",(646) 247-0319,"1974 Bergen St",Brooklyn, NY 11233
"Urban Yoga Foundation Inc",(201) 861-2371,"7002 Kennedy Blvd E",West New York, NJ 07093
"Family of Light Holis",(718) 928-7771,"717 Coney Island Ave",Brooklyn, NY 11218
"Third Root Community Health Center",(718) 940-9343,"380 Marlborough Rd",Brooklyn, NY 11226
"Dahn Center",(718) 205-4435,"4107 69th St",Woodside, NY 11377
"Baqaa Yoga & Fitness",(650) 400-6411,"120 78th St",North Bergen, NJ 07047
"Bikram Yoga Astoria Queens",(718) 777-9642,"3801 23rd Ave",Astoria, NY 11105
"Dahn Yoga",(718) 765-0099,"8206 3rd Ave",Brooklyn, NY 11209
"Artful Soul Yoga",(646) 601-9504,"2268 36th St",Astoria, NY 11105
"Ojas Yoga Center",(201) 927-2519,"9019 River Rd",North Bergen, NJ 07047
"Calm Heart Yoga",(516) 776-8245,"2114 Steinway St",Astoria, NY 11105
"Shanti Baby Yoga & Wellness",(646) 823-7261,"8717 3rd Ave",Brooklyn, NY 11209
"Yoga in Bay Ridge Ltd",(347) 420-1272,"9016 4th Ave",Brooklyn, NY 11209
"Hot Yoga 4 You",(718) 275-2100,"6507 Woodhaven Blvd",Rego Park, NY 11374
"Be Yoga & Dance",(718) 981-0010,"1270 Bay St",Staten Island, NY 10305
"Harrison Health and Wellness Center",(862) 229-2940,"209 Frank E Rodgers Blvd S",Harrison, NJ 07029
"Ashakta Yoga",(917) 623-2143,"514 Quentin Rd",Brooklyn, NY 11223
"Soul In Motion Entertainment",(718) 338-4709,"2172 Flatbush Ave",Brooklyn, NY 11234
"Sunpeace",(973) 449-3349,"425 N 2nd St",East Newark, NJ 07029
"New Ark Yoga & Wellness",(201) 207-4448,"39 Lincoln Park Apt 6d",Newark, NJ 07102
"Yumcha Yoga",(718) 321-8348,"3359 Farrington St",Flushing, NY 11354
"Susan Rubin Wellness",(914) 393-6517,"",
"Namaste PR",(787) 908-2477,"",
"The Yoga Wellness Space",(732) 907-9642,"",
"Brooklyn Vindhya Yoga",(718) 331-2037,"44 Avenue O",Brooklyn, NY 11204
"Master Yoga Studio",(347) 533-6227,"482 Coney Island Ave",Brooklyn, NY 11218
"Yoga Center",(718) 858-4554,"519 Brooklyn Ave",Brooklyn, NY 11225
"Butterfly Yoga by Jola",(347) 221-3967,"6012 69th Ave",Ridgewood, NY 11385
"Yoga Spot 1 Inc",(718) 339-6425,"1957 Coney Island Ave",Brooklyn, NY 11223
"Queens Yoga Studios Corporation",(718) 777-9642,"3203 Steinway St",Astoria, NY 11103
"Yoga Agora",(718) 626-0680,"3302 Broadway",Astoria, NY 11106
"The yoga room",(718) 274-0255,"3801 35th Ave",Long Island City, NY 11101
"Aroha Yoga and Wellness",(917) 359-5168,"51 Dahill Rd",Brooklyn, NY 11218
"Arohallness",(917) 369-5168,"51 Dahill Rd",Brooklyn, NY 11218
"Da Nu Spot Inc",(718) 339-0003,"1219 Quentin Rd",Brooklyn, NY 11229
"Mimi For Me Yoga",(718) 505-9642,"7611 37th Ave",Jackson Heights, NY 11372
"Divamukti Yoga",(917) 916-6824,"4507 25th Ave Apt 1",Astoria, NY 11103
"Bikram Yoga",(718) 833-9200,"8302 5th Ave",Brooklyn, NY 11209
"Zen Yoga",(718) 544-9642,"10721 71st Ave",Forest Hills, NY 11375
"Giving Tree Yoga Studio",(718) 728-0110,"2256 31st St",Astoria, NY 11105
"Ramakrishnananda Yoga Vedanta",(888) 474-1218,"2029 38th St",Astoria, NY 11105
"Vishwa Dharma Mandalam",(347) 808-9501,"2029 38th St",Astoria, NY 11105
"Yogi Gupta Ashram",(718) 592-3217,"9016 51st Ave",Elmhurst, NY 11373
"Genesis Society",(347) 497-3673,"10202 Metropolitan Ave",Forest Hills, NY 11375
"Usa Devanand Yoga Center",(718) 426-4643,"6610 Woodside Ave",Woodside, NY 11377
"Sitarrey",(212) 372-8001,"781 Newark Ave",Jersey City, NJ 07306
"Elite Fitness Studio",(718) 596-0006,"111 Union St",Brooklyn, NY 11231
"Area Emporium & Spa",(718) 624-3157,"281 Smith St",Brooklyn, NY 11231
"Jivamukti Yoga Center Jersey City",(201) 993-1110,"171 Newark Ave",Jersey City, NJ 07302
"Pure Barre",(908) 642-4730,"207 Van Vorst St",Jersey City, NJ 07302
"Pure Barre",(347) 987-3609,"266 Court St",Brooklyn, NY 11231
"Pure Barre",(718) 384-3481,"204 Wythe Ave",Brooklyn, NY 11249
"Roots Yoga Studio",(201) 238-9903,"2983 John F Kennedy Blvd Ste 403",Jersey City, NJ 07306
"Pure Barre",(718) 683-9041,"4632 Vernon Blvd",Long Island City, NY 11101
"J Z T Dance & Yoga",(201) 867-4500,"4500 Park Ave",Weehawken, NJ 07086
"The Fitness Guru",(718) 237-0207,"77 Front St",Brooklyn, NY 11201
"FindMyTribeNYC",(267) 234-1406,"229 Clinton St Apt 6",Hoboken, NJ 07030
"Fitness Meets Dance Studio",(551) 221-1458,"38 Jackson St",Hoboken, NJ 07030
"Pure Barre",(718) 383-3000,"225 Franklin St",Brooklyn, NY 11222
"Holistic Life Works",(917) 701-1105,"463 Clinton Ave",Brooklyn, NY 11238
"Yoga in the Heights",(732) 654-2103,"317 Central Ave",Jersey City, NJ 07307
"Martial Arts USA",(718) 210-3190,"759 Washington Ave",Brooklyn, NY 11238
"Slope Wellness",(718) 415-0738,"816 8th Ave",Brooklyn, NY 11215
"The Living Gallery",(631) 377-1998,"1094 Broadway",Brooklyn, NY 11221
"Slope Fitness",(718) 783-4343,"808 Union St Ste 2",Brooklyn, NY 11215
"Mike Comparetto",(917) 727-3217,"725 4th Ave",Brooklyn, NY 11232
"Golden Light Yoga",(917) 677-5843,"19 Diamond St Apt 12",Brooklyn, NY 11222
"Dirty Yoga Co.",(917) 338-1820,"320 State St",Brooklyn, NY 11201
"Genesis Tree Of Life Yoga & Wellness",(718) 544-5997,"10202 Metropolitan Ave",Forest Hills, NY 11375
"Forum Fitness Club",(201) 339-0050,"21 W 25th St",Bayonne, NJ 07002
"Brooklyn Yoga and Pilates",(347) 405-8514,"5418 Church Ave",Brooklyn, NY 11203
"MYoga",(718) 288-9434,"1002 Quentin Rd Ste 3020",Brooklyn, NY 11223
"Evolutions Sports Club",(718) 349-3494,"3711 35th Ave",Long Island City, NY 11101
"Bamboo Moves",(718) 263-0788,"10740 Queens Blvd Ste 206",Forest Hills, NY 11375
"AuM Body & Soul Spa",(201) 520-0211,"7000 J F Kennedy Boulevard East",Guttenberg, NJ 07093
"Tarot readings by Alisha",(917) 691-6367,"115 River Rd",Edgewater, NJ 07020
"NS Workouts",(347) 732-9820,"4110 Saint James Ave",Elmhurst, NY 11373
"Pure Barre",(646) 358-4568,"526 86th St",Brooklyn, NY 11209
"World Gym",(201) 941-8845,"323 Bergen Blvd",Fairview, NJ 07022
"Pure Barre",(201) 500-9394,"905 River Rd",Edgewater, NJ 07020
"World Gym",(718) 366-9700,"1661 Weirfield St",Ridgewood, NY 11385
"Yoga and New Energy",(201) 864-2095,"812 2nd St",Secaucus, NJ 07094
"Pakua McDonald",(347) 338-8334,"1115 Mcdonald Ave",Brooklyn, NY 11230
"Urzua Queens Center of Performing Arts",(929) 522-0782,"8111 Roosevelt Ave 2nd fl",Jackson Heights, NY 11372
"World Gym",(718) 459-3248,"6575 Woodhaven Blvd",Rego Park, NY 11374
"All Fit Studios",(201) 851-2349,"196 Broadway",Bayonne, NJ 07002
"Vocalz By Jamelle",(347) 661-2264,"841 Courtlandt Ave",Bronx, NY 10451
"All Vegetarian Ezine",(212) 270-8773,"",
"Psychic Readings By Elaine",(917) 833-1406,"",
"World Gym",(888) 547-0875,"",
"Life Health and Fitness",(718) 349-3494,"3711 35th Ave",Long Island City, NY 11101
"Natural Balance Massage & Wellness Center",(718) 336-8400,"3013 Quentin Rd",Brooklyn, NY 11234
