"Satori Yoga Studio",(415) 658-7337,"110 Sutter St Ste 100",San Francisco, CA 94104
"Mission Yoga",(415) 401-9642,"2390 Mission St",San Francisco, CA 94110
"Astayoga",(415) 701-1888,"417 14th St",San Francisco, CA 94103
"Yoga Tree San Francisco",(415) 387-4707,"1234 Valencia St",San Francisco, CA 94110
"Funky Door Yoga Midtown",(415) 673-8659,"1336 Polk St",San Francisco, CA 94109
"Affordable Pilates and Yoga at BodyMoves Pilates",(415) 239-7873,"",San Francisco, CA 94112
"Yoga Tree Stanyan",(415) 387-4707,"780 Stanyan St",San Francisco, CA 94117
"California Yoga Company",(415) 775-0570,"1120 Pacific Ave",San Francisco, CA 94133
"Jewish Community Center Of SF",(415) 292-1200,"3200 California St",San Francisco, CA 94118
"Glow Yoga & Wellness",(415) 874-9141,"1548 Stockton St",San Francisco, CA 94133
"Sivananda Yoga Vedanta Center",(415) 681-2731,"1200 Arguello Blvd",San Francisco, CA 94122
"Fluid Yoga",(415) 753-8694,"455 Judah St",San Francisco, CA 94122
"CorePower Yoga",(628) 216-2906,"150 Van Ness Ave Apt A",San Francisco, CA 94102
"Yoga Tree Potrero Hill",(415) 655-3936,"1500 16th St",San Francisco, CA 94103
"Yoga Flow",(415) 701-0391,"97 Collingwood St",San Francisco, CA 94114
"Infinite Bodyworks",(415) 882-4553,"425 Brannan St",San Francisco, CA 94107
"Yoga Tree 6th Avenue",(415) 752-4707,"182 6th Ave",San Francisco, CA 94118
"Well Yoga Studio",(917) 573-9642,"11 Duboce Ave",San Francisco, CA 94103
"Love Story Yoga",(415) 445-4075,"473 Valencia St",San Francisco, CA 94103
"Bent Yoga",(808) 729-2294,"2911 16th St",San Francisco, CA 94103
"Raven Fitness",(415) 967-3189,"321 7th St",San Francisco, CA 94103
"Food BODY Me",(415) 967-0997,"264 Dolores St",San Francisco, CA 94103
"Laughing Lotus Yoga Center",(415) 355-1600,"3271 16th St",San Francisco, CA 94103
"Stella Kids Yoga",(415) 802-7275,"988 Oak St",San Francisco, CA 94117
"California Yoga Company",(415) 829-3843,"1650 Bush St",San Francisco, CA 94109
"The Barefoot Method",(415) 225-9666,"862 Folsom St",San Francisco, CA 94107
"Jamaroo Kids",(415) 614-2001,"2001 Pine St",San Francisco, CA 94115
"Moxie",(415) 529-1546,"3315 20th St",San Francisco, CA 94110
"Janet MacLeod Iyengar Certified Yoga Instructor",(415) 244-3678,"Iyengar Yoga Institute 2404 27th Ave",San Francisco, CA 94116
"Iyengar Yoga Assn-Northern California",(415) 753-0909,"2201 Sutter St",San Francisco, CA 94115
"Iyengar Yoga Institute Of San Francisco",(415) 753-0909,"2201 Sutter St",San Francisco, CA 94115
"Home Sweet Om",(415) 702-1842,"1808 Mcallister St",San Francisco, CA 94115
"Janet Stone Yoga",(415) 596-1053,"Po Box 14367",San Francisco, CA 94114
"Santosha Yoga Ctr",(415) 928-9642,"1386 Pacific Ave",San Francisco, CA 94109
"Moxie Yoga",(415) 932-6480,"1501 Taylor St",San Francisco, CA 94133
"Chant Yoga Studio",(415) 573-6043,"4530 18th St",San Francisco, CA 94114
"Next Generation Yoga",(917) 863-8494,"1459 18th St",San Francisco, CA 94107
"Solfire Yoga",(949) 218-3473,"114 Sansome St",San Francisco, CA 94104
"Next Generation Yoga Jody",(415) 422-0411,"1935 Hayes St",San Francisco, CA 94117
"The Pad Studios",(415) 929-1690,"1690 Union St",San Francisco, CA 94123
"Aha Yoga",(415) 440-9642,"1892 Union St",San Francisco, CA 94123
"Yoga Flow Sf",(415) 466-6576,"1892 Union St",San Francisco, CA 94123
"Karma Yoga S F",(415) 658-7993,"1906 Union St",San Francisco, CA 94123
"The Big Yogi",(707) 293-5415,"2 Townsend St",San Francisco, CA 94107
"Yoga Mayu",(415) 829-3184,"4159 24th St",San Francisco, CA 94114
"Hiking Yoga",(415) 261-3641,"1 Ferry Building",San Francisco, CA 94111
"Greenpath Yoga Studio",(415) 775-7545,"2242 Lombard St",San Francisco, CA 94123
"Moxie Yoga",(415) 817-1427,"3232 Mission St",San Francisco, CA 94110
"Yoga Mats",(415) 626-7723,"610 22nd St Ste 247SAN",San Francisco, CA 94107
"Healing Yoga Foundation",(415) 931-9642,"3620 Buchanan St",San Francisco, CA 94123
"Bend Yoga Fitness",(415) 922-1958,"2425 Chestnut St",San Francisco, CA 94123
"More Mojo",(415) 821-6656,"331 Cortland Ave",San Francisco, CA 94110
"New Dawn Yoga Therapy",(650) 755-5460,"529 Irving St",San Francisco, CA 94122
"Baptiste Yoga San Francisco",(415) 525-3051,"38 Keyes Ave",San Francisco, CA 94129
"Lemonade-A Yoga Program",(415) 218-1970,"1929 Irving St",San Francisco, CA 94122
"Yoga With Nicole",(707) 971-0708,"1932 Irving St",San Francisco, CA 94122
"Excelsior Yoga",(415) 251-2873,"4831 Mission St",San Francisco, CA 94112
"Go Two Yoga",(650) 733-7338,"1637 Ocean Ave",San Francisco, CA 94112
"Sivananda Yoga Vedangta Center",(415) 681-2731,"1185 Vicente St",San Francisco, CA 94116
"SFFCS YOGA",(415) 825-5957,"5482 mission st",San Francisco, CA 94112
"Yoga Mats",(415) 626-7723,"610 22nd St Ste 247SAN",San Francisco, CA 94107
"Healing Yoga Foundation",(415) 931-9642,"3620 Buchanan St",San Francisco, CA 94123
"Bikram Yoga",(415) 346-9493,"2425 Chestnut St",San Francisco, CA 94123
"Bend Yoga Fitness",(415) 922-1958,"2425 Chestnut St",San Francisco, CA 94123
"More Mojo",(415) 821-6656,"331 Cortland Ave",San Francisco, CA 94110
"New Dawn Yoga Therapy",(650) 755-5460,"529 Irving St",San Francisco, CA 94122
"Baptiste Yoga San Francisco",(415) 525-3051,"38 Keyes Ave",San Francisco, CA 94129
"Lemonade-A Yoga Program",(415) 218-1970,"1929 Irving St",San Francisco, CA 94122
"Yoga With Nicole",(707) 971-0708,"1932 Irving St",San Francisco, CA 94122
"Bikram Yoga",(415) 340-3281,"5644 Geary Blvd",San Francisco, CA 94121
"Bikram Yoga Seacliff",(415) 751-6908,"6300 California St",San Francisco, CA 94121
"Excelsior Yoga",(415) 251-2873,"4831 Mission St",San Francisco, CA 94112
"Go Two Yoga",(650) 733-7338,"1637 Ocean Ave",San Francisco, CA 94112
"Sivananda Yoga Vedangta Center",(415) 681-2731,"1185 Vicente St",San Francisco, CA 94116
"SFFCS YOGA",(415) 825-5957,"5482 mission st",San Francisco, CA 94112
"Main, Darren",(415) 902-4716,"1726 38th Ave",San Francisco, CA 94122
"Yoga Beach",(415) 379-4444,"4501 Irving St",San Francisco, CA 94122
"Caroline Kelley",(415) 606-0101,"",San Francisco, CA 94107
"Iyengar, Janet M",(415) 244-3678,"",San Francisco, CA 94108
"A New Dawn Yoga Therapy",(650) 755-5460,"",San Francisco, CA 94146
"Burning Heart Yoga",(415) 345-9642,"",San Francisco, CA 94109
"Back To Sports",(415) 759-8978,"342 W Portal Ave",San Francisco, CA 94127
"Abode Of Iyengar Yoga",(415) 469-9642,"765 Monterey Blvd",San Francisco, CA 94127
"Yoga Garden of San Francisco",(415) 552-9644,"286 Divisadero St",San Francisco, CA 94117
"Bikram Yoga",(415) 821-9642,"301 Eureka St",San Francisco, CA 94114
"Urban Flow",(415) 355-9642,"1543 Mission St",San Francisco, CA 94103
"Sanchez J Liberty",(415) 970-0732,"2390 Mission St Ste 300",San Francisco, CA 94110
"Element Body Works",(415) 567-5706,"1905 Union St",San Francisco, CA 94123
"Body Temp Yoga",(415) 922-1958,"2425 Chestnut St",San Francisco, CA 94123
"Purusha Yoga",(415) 694-8412,"569 Ruger St",San Francisco, CA 94129
"Bikram Yoga",(415) 821-9642,"301 Eureka St",San Francisco, CA 94114
"Yoga Society of San Francisco",(415) 285-5537,"2872 Folsom St",San Francisco, CA 94110
"Iyengar Yoga Institute Of San Francisco",(415) 753-0909,"2404 27th Ave",San Francisco, CA 94116
"Sanchez J Liberty",(415) 970-0732,"2390 Mission St Ste 300",San Francisco, CA 94110
"Element Body Works",(415) 567-5706,"1905 Union St",San Francisco, CA 94123
"Purusha Yoga",(415) 694-8412,"569 Ruger St",San Francisco, CA 94129
"Main Darren",(415) 902-4716,"2625 Judah St # 1",San Francisco, CA 94122
"Yoga Tree Castro",(415) 701-9642,"97 Collingwood St",San Francisco, CA 94114
"Yoga Tree",(415) 800-8582,"24 Shotwell St",San Francisco, CA 94103
"Yoga Sita",(415) 864-7482,"1501 Mariposa St",San Francisco, CA 94107
"Giggling Lotus Yoga",(415) 934-9700,"2325 3rd St Ste 318",San Francisco, CA 94107
"Funky Door Yoga Haight",(415) 668-2227,"1749 Waller St",San Francisco, CA 94117
"Caroline Kelley",(415) 606-0101,"",San Francisco, CA 94107
"Affordable Pilates and Yoga at BodyMoves Pilates",(415) 239-7873,"",San Francisco, CA 94112
"Iyengar, Janet M",(415) 244-3678,"",San Francisco, CA 94108
"A New Dawn Yoga Therapy",(650) 755-5460,"",San Francisco, CA 94146
"Burning Heart Yoga",(415) 345-9642,"",San Francisco, CA 94109
"International Orange",(415) 563-5000,"2044 Fillmore St",San Francisco, CA 94115
"Elevate Group Fitness",(415) 622-5262,"1720 Ocean Ave",San Francisco, CA 94112
"AB Mixed Martial Arts Academy",(415) 467-6740,"2975 San Bruno Ave",San Francisco, CA 94134
"Pacific Heights Health Club",(415) 563-6694,"2358 Pine St",San Francisco, CA 94115
"Pure Barre",(415) 340-3946,"162 W Portal Ave",San Francisco, CA 94127
"Pure Barre",(415) 779-8825,"3727 Buchanan St",San Francisco, CA 94123
"Mission Cliffs Climbing & Fitness",(415) 550-0515,"2295 Harrison St",San Francisco, CA 94110
"World Gym",(415) 703-9650,"290 De Haro St",San Francisco, CA 94103
"Thriveability",(415) 566-0888,"300 West Portal Ave., Suite B",San Francisco, CA 94127
"Pure Barre",(415) 797-7336,"3800 24th St",San Francisco, CA 94114
"Club One",(415) 337-1010,"535 Mason St",San Francisco, CA 94102
"ZeniFlow Yoga",(408) 605-5473,"307 5th St",San Francisco, CA 94107
"Mindspace",(415) 889-9598,"365 Vermont St",San Francisco, CA 94103
"Thriveability",(415) 566-0888,"300 West Portal Ave., Suite B",San Francisco, CA 94127
"Bikram Hot Yoga Daly City",(650) 756-4600,"203 Southgate Ave",Daly City, CA 94015
"Yoga Props",(415) 285-9642,"",
"YogaSix",(650) 534-2692,"101 Oyster Point Blvd Ste 103",South San Francisco, CA 94080
"Yoga To You",(415) 215-9722,"428 Golden Gate Ave",Belvedere Tiburon, CA 94920
"Island Yoga",(510) 205-5003,"1136 Ballena Blvd",Alameda, CA 94501
"Magic Carpet Yoga Mats",(530) 220-4142,"300 Jefferson St",Oakland, CA 94607
"Yoga of Devotion - Bhakti",(310) 291-9898,"",
"Namastenikie",(415) 574-6863,"",
"Kundalini Yoga Center",(415) 978-3932,"",
"Sariah Sizemore Home Office",(510) 922-8164,"3015 Myrtle St",Emeryville, CA 94608
"Ellen Webb Studios",(510) 452-5919,"2822 Union St",Emeryville, CA 94608
"Remedy Barre and Foam Rolling",(510) 823-2445,"4810 Telegraph Ave",Oakland, CA 94609
"The Club at City Center",(510) 895-1010,"1200 Clay St Ste 53",Oakland, CA 94612
"Active Sports Clubs",(510) 895-1010,"1200 Clay St",Oakland, CA 94612
"Going Vegetarian Ezine",(650) 581-3000,"",
"Ray of Light",(415) 658-1552,"456 40th St",Oakland, CA 94609
